Heurist ID,Creator of the record,Checked,Corpus name,Corpus ID Number,Corpus ID numeric,SEG Number,Modern Location,Ancient Site,Ancient Site -  Region,Location >,Geolocation,Position certainty,Geography notes,Reuse,Archaeological context,Mound,Material category,Stone,Origin of stone,Object category,Preservation,Decoration,Relief Decoration,Architectural Relief,Figural Relief,Decoration notes,Visual record availability,Start Year,End Year,Relative Date,Century,6BC and more,5BC,4BC,3BC,2BC,1BC,1AD,2AD,3AD,4AD,5AD and more,Relative Roman,Undated,Dialect,Latin,Language form,Script,Layout,Document typology,Public documents,Private documents,Document typology notes,Extent of lines,Administrative keywords,Formulaic keywords,Honorific keywords,Religious keywords,Epithet,Context epithet,Collective group names,Collective Identity Type,Collective identity Ethnicity,Geographic names,Total Geographic names,Imperial titulature,Currency,Person,Total people,Total names,Context Names,Community Context,
2169,"Janouchova, Petra *",Yes,I Aeg Thrace,2,10002,,Abdera,Abdera,Abdera,3767,POINT(24.9732113 40.9337789),3 Region,house of Konstantinos Demetrakopoulos,Yes,Secondary,No,Stone,Marble,Thasian marble,Stele,2 Slightly damaged,4 N/A,,,,,Yes,-300,-280,Not Roman,-3,,,,1,,,,,,,,,,,No,Prose,,Irregular,Public,Legal/Regulations,,,8,"Doulos, Eleutheros, Polis,",,,,,,,None,,"Abdera,",1,No,Yes,,0,0,No Name,,0.125
2295,"Janouchova, Petra *",Yes,I Aeg Thrace,4,10004,,Delphi,Delphi,Delphi,3768,POINT(22.5006866 38.4815112),1 Certain,archaeological site,No,Religious/Ritual,No,Stone,Marble,,Stele,3 Heavily damaged,4 N/A,,,,,Yes,-260,-240,Not Roman,-3,,,,1,,,,,,,,,,,No,Prose,,Irregular,Public,Religious/Ritual,,regulation of Soteria festival in Delphi,14,"Polis, Demos, Psefisma, Argyrotamias, Agon, Agora,","Anagrapsai, Stesai, Eis stelen lithinen,","Eunous, Stefanos,","theoroi, Pythia, hieron, Apollo, Dionysia,",,,"Abderites, Aitoloi,",Mixed,Greek,"Delphi,",1,No,Yes,,0,0,No Name,,
2387,"Janouchova, Petra *",Yes,I Aeg Thrace,47,10047,,Abdera,Abdera,Abdera,3767,POINT(24.9735546 40.9335357),2 Vicinity,,No,N/A,No,Stone,Marble,,Architectural feature,1 Intact,1 Relief,1 Architectural / Ornamental,Column,,,Yes,-299,-270,Not Roman,-3,,,,1,,,,,,,,,,,No,Prose,,Irregular,Private,,Funerary,,3,,,,,,,,None,,,,No,No,"Synesis, child of, partner of Dionysios, grandchild of,",1,1,Greek only,,
2388,"Janouchova, Petra *",Yes,I Aeg Thrace,48,10048,,Abdera,Abdera,Abdera,3767,POINT(24.9732971 40.9337627),3 Region,,Yes,Secondary,No,Stone,Marble,,Stele,1 Intact,1 Relief,1 Architectural / Ornamental,Floral motive,,,Yes,-299,-200,Not Roman,-3,,,,1,,,,,,,,,,,No,Prose,,Irregular,Private,,Funerary,,2,,,,,,,,None,,,,No,No,"Menandros, child of Sostratos, partner of, grandchild of,",1,1,Greek only,,
2389,"Janouchova, Petra *",Yes,I Aeg Thrace,49,10049,,Abdera,Abdera,Abdera,3767,POINT(24.9732757 40.9335844),2 Vicinity,,No,N/A,No,Stone,Marble,,Architectural feature,4 Almost destroyed,1 Relief,1 Architectural / Ornamental,Column,,,Yes,-299,-200,Not Roman,-3,,,,1,,,,,,,,,,,No,Prose,,Irregular,Private,,Funerary,,3,,,,,,,,None,,,,No,No,"[?]ios, child of [?]mofilos, partner of, grandchild of,",1,1,Uncertain,,
2390,"Janouchova, Petra *",Yes,I Aeg Thrace,50,10050,,Abdera,Abdera,Abdera,3767,POINT(24.9729753 40.9336816),1 Certain,,No,N/A,No,Stone,Marble,,Architectural feature,5 Squeeze,4 N/A,,,,,Yes,-299,-200,Not Roman,-3,,,,1,,,,,,,,,,,No,Prose,,Irregular,Private,,Funerary,,1,,,,,,,,None,,,,No,No,"Kydras, child of, partner of, grandchild of,",1,1,Greek only,,
2391,"Janouchova, Petra *",Yes,I Aeg Thrace,51,10051,,Abdera,Abdera,Abdera,3767,POINT(24.9735975 40.9336816),2 Vicinity,,No,N/A,No,Stone,Marble,,Stele,2 Slightly damaged,1 Relief,1 Architectural / Ornamental,Architectural moulding,,,Yes,-299,-100,Not Roman,-3|-2,,,,0.5,0.5,,,,,,,,,,No,Prose,,Irregular,Private,,Funerary,,2,,,,,,,,None,,,,No,No,"Apollonios, child of Teisis, partner of, grandchild of,",1,1,Greek only,,
2392,"Janouchova, Petra *",Yes,I Aeg Thrace,52,10052,,Abdera,Abdera,Abdera,3767,POINT(24.9733615 40.9336816),1 Certain,,No,N/A,No,Stone,Marble,,Stele,3 Heavily damaged,4 N/A,,,,,Yes,-299,-100,Not Roman,-3|-2,,,,0.5,0.5,,,,,,,,,,No,Prose,,Irregular,Private,,Funerary,,2,,,,,,,,None,,,,No,No,"Kleonike, child of, partner of Memnon, grandchild of,",1,1,Greek only,,
2393,"Janouchova, Petra *",Yes,I Aeg Thrace,53,10053,,Abdera,Abdera,Abdera,3767,POINT(24.9732971 40.9336978),1 Certain,,No,N/A,No,Stone,Marble,,Architectural feature,9 Undeterminable,4 N/A,,,,,No,-299,-100,Not Roman,-3|-2,,,,0.5,0.5,,,,,,,,,,No,Prose,,Irregular,Private,,Funerary,,3,,,,,,,,None,,,,No,No,"[Met]ronassa, child of, partner of, grandchild of,",1,1,Greek only,,
2402,"Janouchova, Petra *",Yes,I Aeg Thrace,61,10061,,Abdera,Abdera,Abdera,3767,POINT(24.9732971 40.9338113),2 Vicinity,,No,N/A,No,Stone,Marble,,Stele,3 Heavily damaged,1 Relief,1 Architectural / Ornamental,Naiskos|Floral motive,,,Yes,-299,-100,Not Roman,-3|-2,,,,0.5,0.5,,,,,,,,,,No,Prose,,Irregular,Private,,Funerary,,2,,"Chaire,",,,,,,None,,,,No,No,"Unknown, child of, partner of [D]emokades, grandchild of,",1,2,Greek and Uncertain,,
2520,"Ctibor, Jan *",Yes,IG Bulg 1(2),13 bis,20013.2,,Balchik,Dionysopolis,Dionysopolis,3841,POINT(28.1672287 43.4087265),2 Vicinity,,No,N/A,No,Stone,Marble,,Stele,3 Heavily damaged,1 Relief,1 Architectural / Ornamental,Naiskos,,,Yes,-300,-200,Not Roman,-3,,,,1,,,,,,,,,,,No,Prose,,Irregular,Public,State decrees,,,12,"Politeia,","Agathe tyche,","Ateleia, Proedria, Enktesis, Prodikia, Eisplous and ekplous, Asylia,",,,,"Dionysopolitai,",City,From area of Thrace,,,No,No,"Aristomenes, child of Dionysios, partner of, Odessitai, grandchild of,",1,1,Greek only,,
2534,"Ctibor, Jan *",Yes,IG Bulg 1(2),13 ter,20013.3,,Balchik,Dionysopolis,Dionysopolis,3841,POINT(28.1658125 43.4081653),2 Vicinity,,No,N/A,No,Stone,Marble,,Stele,3 Heavily damaged,1 Relief,1 Architectural / Ornamental,Naiskos,,,Yes,-300,-100,Not Roman,-3|-2,,,,0.5,0.5,,,,,,,,,,No,Prose,,Stoichedon,Public,State decrees,,,11,"Demos, Boule, Politai,","Edoxen, Dedochthai,","Prothymos,",,,,,None,,,,No,No,"[?]ippos, child of Nikias, partner of, grandchild of, Dionysios, child of Dionysios, partner of, Kallatianoi, grandchild of,",2,2,Greek only,,
2595,"Janouchova, Petra *",Yes,I Aeg Thrace,169,10169,,Kos,Kos,Kos,3790,POINT(27.282207 36.9096087),1 Certain,Asclepeion in Cos,No,N/A,No,Stone,Marble,,Stele,4 Almost destroyed,,,,,,No,-242,-242,Not Roman,-3,,,,1,,,,,,,,,,,No,Prose,,Irregular,Public,State decrees,,,8,"Nomos, Demos,",,"Asylia,","hieron,",,,"Maronitai,",City,Greek,"Kos,",1,No,No,,0,0,No Name,,
2597,"Janouchova, Petra *",Yes,I Aeg Thrace,170,10170,,Maroneia,Maroneia,Maroneia,3789,POINT(25.5117989 40.8734156),3 Region,,Yes,Secondary,No,Stone,Marble,,Stele,4 Almost destroyed,4 N/A,,,,,Yes,-250,-200,Not Roman,-3,,,,1,,,,,,,,,,,No,Prose,,Irregular,Public,Honorary decrees,,honorary,5,,,"Prosodos pros ten boulen/demon/polin,",,,,,None,,,,No,No,,0,0,No Name,,
2610,"Janouchova, Petra *",Yes,I Aeg Thrace,171,10171,,Maroneia,Maroneia,Maroneia,3789,POINT(25.5136013 40.8747136),3 Region,,No,N/A,No,Stone,Marble,,Stele,3 Heavily damaged,4 N/A,,,,,Yes,-299,-200,Not Roman,-3,,,,1,,,,,,,,,,,No,Prose,,Irregular,Public,Honorary decrees,,,9,"Polis, Boule,","Agathe tyche,","Asylia,",,,,,None,,,,No,No,,0,0,No Name,,
2611,"Janouchova, Petra *",Yes,I Aeg Thrace,172,10172,,Maroneia,Maroneia,Maroneia,3789,POINT(25.512228 40.8769202),3 Region,,Yes,Secondary,No,Stone,Marble,,Stele,7 Drawing,4 N/A,,,,,Yes,-299,-100,Not Roman,-3|-2,,,,0.5,0.5,,,,,,,,,,No,Prose,,Irregular,Public,Honorary decrees,,,5,"Nomofylax, Polis,",,"Agathos aner,",,,,"Athenaios,",City,Greek,,,No,No,"Herakleitos, child of Unknown, partner of, Athenaios, grandchild of,",1,2,Greek and Uncertain,,
2612,"Janouchova, Petra *",Yes,I Aeg Thrace,173,10173,,Maroneia,Maroneia,Maroneia,3789,POINT(25.5118847 40.8741295),3 Region,,Yes,Secondary,No,Stone,Marble,,Stele,4 Almost destroyed,4 N/A,,,,,Yes,-299,-100,Not Roman,-3|-2,,,,0.5,0.5,,,,,,,,,,No,Prose,,Irregular,Public,,,,5,"Boule, Polis,","Edoxen,",,,,,,None,,,,No,No,,0,0,No Name,,
2613,"Janouchova, Petra *",Yes,I Aeg Thrace,174,10174,,Maroneia,Maroneia,Maroneia,3789,POINT(25.5109406 40.8737401),2 Vicinity,,No,N/A,No,Stone,Marble,,Stele,4 Almost destroyed,4 N/A,,,,,Yes,-299,-100,Not Roman,-3|-2,,,,0.5,0.5,,,,,,,,,,No,Prose,,Irregular,Public,Honorary decrees,,,6,"Polis, Chora,",,"Eisagoge and exagoge, Asylia,",,,,,None,,"Maroneia,",1,No,No,,0,0,No Name,,
2614,"Janouchova, Petra *",Yes,I Aeg Thrace,175,10175,,Maroneia,Maroneia,Maroneia,3789,POINT(25.5110264 40.8741295),1 Certain,now in Louvre,No,N/A,No,Stone,Marble,,Stele,4 Almost destroyed,1 Relief,1 Architectural / Ornamental,Architectural moulding,,,Yes,-299,-100,Not Roman,-3|-2,,,,0.5,0.5,,,,,,,,,,No,Prose,,Irregular,Public,Honorary decrees,,,10,"Boule, Polis, Demos,","Edoxen,",,,,,,None,,,,No,No,"Unknown, child of Kallikritos, partner of, grandchild of, Unknown, child of Ekfantos, partner of, grandchild of,",2,4,Greek and Uncertain,,
2637,"Janouchova, Petra *",Yes,I Aeg Thrace,186,10186,,Maroneia,Maroneia,Maroneia,3789,POINT(25.512228 40.8778937),1 Certain,,No,Habitation,No,Stone,Marble,,Stele,1 Intact,4 N/A,,,,,Yes,-260,-240,Not Roman,-3,,,,1,,,,,,,,,,,No,Prose,,Irregular,Private,,Dedicatory,,3,"Basileus,",,,"Zeus,",,,,None,,,,No,No,"Filippos, Soter, child of, partner of, grandchild of,",1,1,Greek only,,
2650,"Ctibor, Jan *",Yes,IG Bulg 1(2),20,20020,,Balchik,Dionysopolis,Dionysopolis,3841,POINT(28.1657696 43.4083835),2 Vicinity,,No,N/A,No,Stone,Marble,,Sculpture,1 Intact,4 N/A,,,,Base of statue of Pan playing the syrinx,Yes,-300,-200,Not Roman,-3,,,,1,,,,,,,,,,,No,Prose,,Irregular,Private,,Dedicatory,,4,,,,"hiereus, Dionysus,",,,,None,,,,No,No,"Apollonios, child of Demofon, partner of, grandchild of, Eraton, child of Demofilos, partner of, grandchild of,",2,2,Greek only,,
2651,"Ctibor, Jan *",Yes,IG Bulg 1(2),21,20021,,Balchik,Dionysopolis,Dionysopolis,3841,POINT(28.1657267 43.4082588),2 Vicinity,,No,N/A,No,Stone,Limestone,,Architectural feature,1 Intact,1 Relief,1 Architectural / Ornamental,Altar,,,Yes,-300,-200,Not Roman,-3,,,,1,,,,,,,,,,,No,Prose,,Irregular,Private,,Dedicatory,,3,,,,"Demeter, Zakoros,",,,,None,,,,No,No,"Kallikrates, child of Glykera, partner of, Taurios, grandchild of, Glykera, child of, partner of, grandchild of,",2,2,Greek only,,
2665,"Ctibor, Jan * Kobierska, Marketa *",Yes,IG Bulg 1(2),"25, 5011 bis",20025,,Balchik,Dionysopolis,Dionysopolis,3841,POINT(28.1659412 43.4081341),2 Vicinity,,No,N/A,No,Stone,Marble,,Stele,1 Intact,1 Relief,1 Architectural / Ornamental|3 Other,Naiskos,,Anaglyph representing kantharos (drinking cup),Yes,-400,-200,Not Roman,-3,,,,1,,,,,,,,,,,No,Prose,,Irregular,Private,,Funerary,,2,,,,,,,,None,,,,No,No,"Hermafilos, child of, partner of, Kyzikenos, grandchild of,",1,1,Greek only,,
2666,"Ctibor, Jan * Kobierska, Marketa *",Yes,IG Bulg 1(2),"26, 5011 bis",20026,,Balchik,Dionysopolis,Dionysopolis,3841,POINT(28.1654692 43.4085394),2 Vicinity,,No,N/A,No,Stone,Marble,,Stele,4 Almost destroyed,1 Relief,1 Architectural / Ornamental|2 Figural,Architectural moulding,Sitting woman,,Yes,-300,-200,Not Roman,-3,,,,1,,,,,,,,,,,No,Prose,,Irregular,Private,,Funerary,,2,,,,,,,,None,,,,No,No,"Polynike, child of, partner of Faidimos, grandchild of,",1,1,Greek only,,
2667,"Ctibor, Jan *",Yes,IG Bulg 1(2),"27, 32 bis",20027,,Balchik,Dionysopolis,Dionysopolis,3841,POINT(28.165555 43.40829),2 Vicinity,,No,N/A,No,Stone,Marble,,Stele,9 Undeterminable,1 Relief,2 Figural,,Group of people,,No,-300,-200,Not Roman,-3,,,,1,,,,,,,,,,,No,Prose,,Irregular,Private,,Funerary,,3,,"Chaire,",,,,,,None,,,,No,No,"Rodokleia, child of Demochares, partner of, grandchild of,",1,1,Greek only,,
2751,"Janouchova, Petra *",Yes,I Aeg Thrace,228,10228,,Maroneia,Maroneia,Maroneia,3789,POINT(25.5113697 40.8755573),3 Region,,Yes,Secondary,No,Stone,Marble,,Stele,1 Intact,1 Relief,1 Architectural / Ornamental,Architectural moulding,,,Yes,-299,-280,Not Roman,-3,,,,1,,,,,,,,,,,No,Prose,,Irregular,Private,,Funerary,,3,,,,,,,,None,,,,No,No,"Kleito, child of, partner of Demaratos, grandchild of,",1,1,Greek only,,
2752,"Janouchova, Petra *",Yes,I Aeg Thrace,229,10229,,Maroneia,Maroneia,Maroneia,3789,POINT(25.511713 40.8765308),2 Vicinity,,No,N/A,No,Stone,Marble,,Stele,3 Heavily damaged,4 N/A,,,,,Yes,-299,-280,Not Roman,-3,,,,1,,,,,,,,,,,No,Prose,,Irregular,Private,,Funerary,,2,,,,,,,,None,,,,No,No,"Sosipatra, child of Kantharion, partner of, grandchild of,",1,1,Greek only,,
2755,"Janouchova, Petra *",Yes,I Aeg Thrace,231,10231,,Maroneia,Maroneia,Maroneia,3789,POINT(25.5102539 40.8746487),3 Region,,No,N/A,No,Stone,Marble,,Stele,3 Heavily damaged,4 N/A,,,,,Yes,-260,-240,Not Roman,-3,,,,1,,,,,,,,,,,No,Prose,,Irregular,Private,,Funerary,,2,,,,,,,,None,,,,No,No,"[A]ristobo[ulos], child of, partner of, grandchild of,",1,1,Greek only,,
2756,"Janouchova, Petra *",Yes,I Aeg Thrace,232,10232,,Maroneia,Maroneia,Maroneia,3789,POINT(25.5121424 40.875497),1 Certain,,No,N/A,No,Stone,Marble,,Stele,4 Almost destroyed,4 N/A,,,,,Yes,-299,-200,Not Roman,-3,,,,1,,,,,,,,,,,No,Prose,,Irregular,Private,,Funerary,,2,,,,,,,,None,,,,No,No,"[He]kata[ios], child of [Di]onys[ios], partner of, grandchild of,",1,1,Greek only,,
2757,"Janouchova, Petra *",Yes,I Aeg Thrace,233,10233,53:660,Maroneia,Maroneia,Maroneia,3789,POINT(25.5112839 40.8743891),1 Certain,"D.Triantaphyllos, AD 52 B3 (1997) [2003] 880 (ph.). Republished in I.Thrac.Aeg. E233 (with a date in the 3rd cent. B.C.; 4th cent. B.C., ed.pr.): Ἡ Ἡραῒς  [Ἁ]ρμοδίου  γυνή",No,N/A,No,Stone,Marble,,Stele,2 Slightly damaged,1 Relief,1 Architectural / Ornamental,Naiskos,,,Yes,-299,-200,Not Roman,-3,,,,1,,,,,,,,,,,No,Prose,,Irregular,Private,,Funerary,,3,,,,,,,,None,,,,No,No,"Herais, child of, partner of Harmodios, grandchild of,",1,1,Greek only,,
2758,"Janouchova, Petra *",Yes,I Aeg Thrace,234,10234,,Maroneia,Maroneia,Maroneia,3789,POINT(25.5108547 40.8747136),3 Region,,No,N/A,No,Stone,Marble,,Stele,3 Heavily damaged,4 N/A,,,,,Yes,-299,-200,Not Roman,-3,,,,1,,,,,,,,,,,No,Prose,,Irregular,Private,,Funerary,,2,,,,,,,,None,,,,No,No,"Metronassa, child of Athenokles, partner of, grandchild of,",1,1,Greek only,,
2759,"Janouchova, Petra *",Yes,I Aeg Thrace,235,10235,,Maroneia,Maroneia,Maroneia,3789,POINT(25.5109406 40.8747136),3 Region,,No,N/A,No,Stone,Marble,,Stele,2 Slightly damaged,1 Relief,1 Architectural / Ornamental,Architectural moulding,,,Yes,-299,-200,Not Roman,-3,,,,1,,,,,,,,,,,No,Prose,,Irregular,Private,,Funerary,,2,,,,,,,,None,,,,No,No,"Moschion, child of Charikles, partner of, grandchild of,",1,1,Greek only,,
2760,"Janouchova, Petra *",Yes,I Aeg Thrace,236,10236,,Maroneia,Maroneia,Maroneia,3789,POINT(25.5104256 40.8739997),1 Certain,,No,N/A,No,Stone,Marble,,Stele,3 Heavily damaged,1 Relief,1 Architectural / Ornamental,Architectural moulding,,,Yes,-299,-200,Not Roman,-3,,,,1,,,,,,,,,,,No,Prose,,Irregular,Private,,Funerary,,2,,,,,,,,None,,,,No,No,"[?]rrias, child of [L]eukippos, partner of, grandchild of,",1,2,Greek and Uncertain,,
2761,"Janouchova, Petra *",Yes,I Aeg Thrace,237,10237,,Maroneia,Maroneia,Maroneia,3789,POINT(25.5103397 40.8745189),3 Region,,No,N/A,No,Stone,Marble,,Stele,3 Heavily damaged,1 Relief,1 Architectural / Ornamental,Naiskos,,,Yes,-299,-200,Not Roman,-3,,,,1,,,,,,,,,,,No,Prose,,Irregular,Private,,Funerary,,1,,,,,,,,None,,,,No,No,"Leptines, child of, partner of, grandchild of,",1,1,Greek only,,
2762,"Janouchova, Petra *",Yes,I Aeg Thrace,238,10238,,Maroneia,Maroneia,Maroneia,3789,POINT(25.511198 40.8747785),3 Region,,No,N/A,No,Stone,Marble,,Stele,3 Heavily damaged,1 Relief,1 Architectural / Ornamental,Naiskos,,,Yes,-299,-200,Not Roman,-3,,,,1,,,,,,,,,,,No,Prose,,Irregular,Private,,Funerary,,2,,,,,,,,None,,,,No,No,"Xenaios, child of P[?], partner of, grandchild of,",1,2,Greek and Uncertain,,
2763,"Janouchova, Petra *",Yes,I Aeg Thrace,239,10239,,Maroneia,Maroneia,Maroneia,3789,POINT(25.5100822 40.8754275),3 Region,,No,N/A,No,Stone,Marble,,Stele,4 Almost destroyed,4 N/A,,,,,Yes,-250,-200,Not Roman,-3,,,,1,,,,,,,,,,,No,Prose,,Irregular,Private,,,,3,,,,,,,,None,,,,No,No,"[?]o[?]na, child of, partner of Poseidonios, grandchild of,",1,2,Greek and Uncertain,,
2764,"Janouchova, Petra *",Yes,I Aeg Thrace,240,10240,,Maroneia,Maroneia,Maroneia,3789,POINT(25.5105972 40.8753626),1 Certain,,No,N/A,No,Stone,Marble,,Stele,1 Intact,1 Relief,1 Architectural / Ornamental,Naiskos,,,Yes,-299,-100,Not Roman,-3|-2,,,,0.5,0.5,,,,,,,,,,No,Prose,,Irregular,Private,,Funerary,,2,,,,,,,,None,,,,No,No,"Afrodeisia, child of Demokritos, partner of, grandchild of,",1,1,Greek only,,
2770,"Ctibor, Jan * Kobierska, Marketa *",Yes,IG Bulg 1(2),"35, 5013",20035,,Varna,Odessos,Odessos,3846,POINT(27.9009819 43.2046128),1 Certain,Found in street formerly called Car Krum,No,N/A,No,Stone,Marble,,Stele,4 Almost destroyed,4 N/A,,,,,Yes,-250,-200,Not Roman,-3,,,,1,,,,,,,,,,,No,Prose,,Irregular,Public,State decrees,,,10,"Demos,",,"Andrias,",,,,,None,,,,No,No,"Athenodoros, child of, partner of, grandchild of,",1,1,Greek only,,
2771,"Ctibor, Jan * Kobierska, Marketa *",Yes,IG Bulg 1(2),"36, 5014",20036,,Varna,Odessos,Odessos,3846,POINT(27.9017544 43.2051133),2 Vicinity,,No,N/A,No,Stone,Marble,,Stele,3 Heavily damaged,4 N/A,,,,,Yes,-210,-200,Not Roman,-3,,,,1,,,,,,,,,,,No,Prose,,Irregular,Public,State decrees,,,15,"Prytaneis,",,,,,,"Thessalos,",Tribe,Greek,,,No,No,"Unknown, child of [?]os, partner of, grandchild of, Unknown, child of [?]doros, partner of, grandchild of, Apollonios, child of Simon, partner of, grandchild of, Kallimachos, child of Faneros, partner of, grandchild of, Thessalos, child of Artemidoros, partner of, grandchild of,",5,8,Greek and Uncertain,,
2772,"Ctibor, Jan *",Yes,IG Bulg 1(2),37,20037,,Varna,Odessos,Odessos,3846,POINT(27.9009819 43.2048004),1 Certain,Found by the steps of a private house,No,N/A,No,Stone,Marble,,Stele,4 Almost destroyed,1 Relief,1 Architectural / Ornamental,Naiskos,,,Yes,-300,-200,Not Roman,-3,,,,1,,,,,,,,,,,No,Prose,,Irregular,Public,State decrees,,,6,"Boule, Demos, Polis,","Edoxen,",,,,,"Odessitai,",City,Greek,,,No,No,"Filokrates, child of Leonides, partner of, Epidamnios, grandchild of,",1,1,Greek only,Greek,
2774,"Ctibor, Jan * Kobierska, Marketa *",Yes,IG Bulg 1(2),"37 bis, 5015",20037.2,,Varna,Odessos,Odessos,3846,POINT(27.9179978 43.1981879),1 Certain,"Found near the roman baths in the street of 8th November, together with 42 bis, 45 bis, 78 bis, 88 bis and 101 ter",No,N/A,No,Stone,Marble,,Stele,2 Slightly damaged,4 N/A,,,,,Yes,-220,-180,Not Roman,-3|-2,,,,0.5,0.5,,,,,,,,,,No,Prose,,Irregular,Public,State decrees,,,19,"Boule, Demos, Politeia,","Dedochthai,","Proxenia, Proedria, Isoteleia, Eisplous and ekplous, Asylia,","hieron,",,,,None,,,,No,No,"Herakleitos, child of Eudoxos, partner of, grandchild of, Dionysios, child of Dikaiogenes, partner of, grandchild of, Apollonios, child of Kleandros, partner of, grandchild of, Dionysios, child of, partner of, grandchild of, Sokrates, child of, partner of, grandchild of,",5,5,Greek only,,
2775,"Ctibor, Jan *",Yes,IG Bulg 1(2),38,20038,,Varna,Odessos,Odessos,3846,POINT(27.9020119 43.2052071),2 Vicinity,,No,N/A,No,Stone,Marble,,Stele,4 Almost destroyed,4 N/A,,,,,Yes,-220,-180,Not Roman,-3|-2,,,,0.5,0.5,,,,,,,,,,No,Prose,,Irregular,Public,State decrees,,,7,"Demos,","Edoxen,",,,,,,None,,,,No,No,"Unknown, child of Parmenon, partner of, grandchild of, Unknown, child of Artemidoros, partner of, grandchild of,",2,4,Greek and Uncertain,,
2776,"Ctibor, Jan *",Yes,IG Bulg 1(2),38 bis,20038.2,,Varna,Odessos,Odessos,3846,POINT(27.9181802 43.2003114),1 Certain,,No,N/A,No,Stone,Marble,,Stele,4 Almost destroyed,4 N/A,,,,,Yes,-300,-100,Not Roman,-3|-2,,,,0.5,0.5,,,,,,,,,,No,Prose,,Irregular,Public,State decrees,,,14,"Demos, Politeia,","Agathe tyche, Dedochthai,","Proxenia, Proedria, Ateleia, Eisplous and ekplous,",,,,,None,,,,No,No,,0,0,No Name,,
2777,"Ctibor, Jan *",Yes,IG Bulg 1(2),"39, 311",20039,,Uncertain (Bulgaria),,Uncertain (Thrace),8850,POINT(27.9026127 43.2047379),4 Uncertain,"Provenience is uncrtain (Odessos, Mesambria, Chersonesos Taurica); the place of discovery is not given by the editor",No,N/A,No,Stone,Marble,,Stele,4 Almost destroyed,4 N/A,,,,,Yes,-300,-100,Not Roman,-3|-2,,,,0.5,0.5,,,,,,,,,,No,Prose,,Irregular,Public,State decrees,,,8,,,,,,,,None,,,,No,No,"Sokrates, child of Epikrates, partner of, grandchild of, Papias, child of, partner of, grandchild of, Chrestos, child of Arnios, partner of, Chersoneneites, grandchild of,",3,3,Greek only,,
2783,"Ctibor, Jan * Kobierska, Marketa *",Yes,IG Bulg 1(2),"41, 5016",20041,,Varna,Odessos,Odessos,3846,POINT(27.9021835 43.2049256),2 Vicinity,,No,N/A,No,Stone,,,Stele,8 Lost,4 N/A,,,,,No,-300,-100,Not Roman,-3|-2,,,,0.5,0.5,,,,,,,,,,No,Prose,,Irregular,Public,State decrees,,,25,"Boule, Demos, Politeia, Psefisma,","Edoxen,","Proxenia, Proedria, Eisplous and ekplous,","hieron,",,,,None,,,,No,No,"Kratisthenes, child of Zoilos, partner of, grandchild of, Hermeios, child of Asklepiodoros, partner of, Antiocheus, grandchild of, Kanita, child of, partner of, grandchild of,",3,4,Greek and Uncertain,,
2785,"Ctibor, Jan *",Yes,IG Bulg 1(2),42,20042,,Varna,Odessos,Odessos,3846,POINT(27.9030418 43.2049881),2 Vicinity,,No,N/A,No,Stone,Marble,,Stele,2 Slightly damaged,4 N/A,,,,,Yes,-300,-100,Not Roman,-3|-2,,,,0.5,0.5,,,,,,,,,,No,Prose,,Irregular,Public,State decrees,,,11,"Boule, Demos, Politeia, Psefisma,","Dedochthai,","Proxenia, Proedria, Isoteleia, Enktesis, Eisplous and ekplous,","Samothrakion,",,,,None,,,,No,No,,0,0,No Name,,
2794,"Janouchova, Petra *",Yes,I Aeg Thrace,241,10241,,Maroneia,Maroneia,Maroneia,3789,POINT(25.5136824 40.8837976),1 Certain,,No,N/A,No,Stone,Marble,,Stele,3 Heavily damaged,4 N/A,,,,,Yes,-299,-100,Not Roman,-3|-2,,,,0.5,0.5,,,,,,,,,,No,Prose,,Irregular,Private,,Funerary,,3,,,,,,,,None,,,,No,No,"Moschine, child of, partner of Aristeus, grandchild of,",1,1,Greek only,,
2806,"Janouchova, Petra *",Yes,I Aeg Thrace,252,10252,,Maroneia,Maroneia,Maroneia,3789,POINT(25.5112839 40.8746487),2 Vicinity,,No,N/A,No,Stone,Marble,,Stele,3 Heavily damaged,4 N/A,,,,,Yes,-220,-200,Not Roman,-3,,,,1,,,,,,,,,,,No,Prose,,Irregular,Private,,Funerary,,4,,,,,,,,None,,,,No,No,"Unknown, child of [Me]trofan[es], partner of, grandchild of, Artysile, child of Hegesippos, partner of, grandchild of,",2,3,Greek and Uncertain,,
2812,"Janouchova, Petra *",Yes,I Aeg Thrace,257,10257,,Maroneia,Maroneia,Maroneia,3789,POINT(25.5129147 40.8769202),1 Certain,,No,N/A,No,Stone,Marble,,Stele,3 Heavily damaged,1 Relief,1 Architectural / Ornamental,Floral motive,,,Yes,-299,-200,Not Roman,-3,,,,1,,,,,,,,,,,No,Prose,,Irregular,Private,,Funerary,,7,,,,,,,,None,,,,No,No,"[Dio]genes, child of, partner of, grandchild of, Hermodotos, child of Dikaios, partner of, grandchild of, Dikaios, child of Diogenes, partner of, grandchild of, Diofantos, child of Dikaios, partner of, grandchild of,",4,4,Greek only,,
2817,"Janouchova, Petra *",Yes,I Aeg Thrace,261,10261,,Maroneia,Maroneia,Maroneia,3789,POINT(25.5100822 40.8841884),1 Certain,,No,N/A,No,Stone,Marble,,Stele,4 Almost destroyed,4 N/A,,,,,No,-299,-280,Not Roman,-3,,,,1,,,,,,,,,,,No,Prose,,Irregular,Private,,Funerary,,6,,,,,,,,None,,,,No,No,"[?]des, child of [?]rios, partner of, grandchild of, [?]os, child of [?]os, partner of, grandchild of, [?]rios, child of [?]os, partner of, grandchild of,",3,3,Uncertain,,
2819,"Janouchova, Petra *",Yes,I Aeg Thrace,263,10263,,Maroneia,Maroneia,Maroneia,3789,POINT(25.5112839 40.8771798),3 Region,,No,N/A,No,Stone,Marble,,Stele,2 Slightly damaged,4 N/A,,,,,Yes,-299,-200,Not Roman,-3,,,,1,,,,,,,,,,,No,Prose,,Irregular,Private,,Funerary,,3,,,,,,,"Kres / Kretes,",Region,Non-Thracian,,,No,No,"Sotadas, child of Dion, partner of, Kres / Kretes, grandchild of,",1,1,Greek only,,
2822,"Janouchova, Petra *",Yes,I Aeg Thrace,264,10264,,Maroneia,Maroneia,Maroneia,3789,POINT(25.5113697 40.8783479),2 Vicinity,,No,N/A,No,Stone,Marble,,Stele,3 Heavily damaged,4 N/A,,,,,No,-250,-200,Not Roman,-3,,,,1,,,,,,,,,,,No,Prose,,Irregular,Private,,Funerary,,3,,,,,,,"Philippeus,",City,Greek,,,No,No,"[P]tolema[s], child of Filippos, partner of, Philippeus, grandchild of,",1,1,Greek only,Greek,
2824,"Janouchova, Petra *",Yes,I Aeg Thrace,265,10265,,Maroneia,Maroneia,Maroneia,3789,POINT(25.5113697 40.8784777),4 Uncertain,,No,N/A,No,Stone,Marble,,Stele,3 Heavily damaged,4 N/A,,,,,Yes,-299,-200,Not Roman,-3,,,,1,,,,,,,,,,,No,Prose,,Irregular,Private,,Funerary,,4,,,,,,,"Lysimacheus,",City,Greek,,,No,No,"[?]os, child of, partner of, Lysimacheus, grandchild of, Ariston, child of, partner of, Lysimacheus, grandchild of,",2,2,Greek and Uncertain,,
2826,"Janouchova, Petra *",Yes,I Aeg Thrace,266,10266,,Maroneia,Maroneia,Maroneia,3789,POINT(25.5117989 40.8780883),2 Vicinity,,No,N/A,No,Stone,Marble,,Stele,4 Almost destroyed,4 N/A,,,,,Yes,-299,-200,Not Roman,-3,,,,1,,,,,,,,,,,No,Prose,,Irregular,Private,,Funerary,,2,,,,,,,,None,,,,No,No,,0,0,No Name,,
2842,"Janouchova, Petra *",Yes,I Aeg Thrace,277,10277,,Maroneia,Maroneia,Maroneia,3789,POINT(25.5106831 40.8738699),1 Certain,,No,Habitation,No,Stone,Marble,,Stele,3 Heavily damaged,4 N/A,,,,,Yes,-299,-100,Not Roman,-3|-2,,,,0.5,0.5,,,,,,,,,,No,Prose,,Irregular,Public,,Funerary,,7,"Demos,",,,,,,,None,,,,No,No,"Unknown, child of [?]sippo[?], partner of, grandchild of, Pyth[?], child of Por[?], partner of, grandchild of,",2,2,Uncertain,,
2876,"Janouchova, Petra *",Yes,I Aeg Thrace,301,10301,,Maroneia,Maroneia,Maroneia,3789,POINT(25.5110264 40.8764659),3 Region,,Yes,Secondary,No,Stone,Marble,,Stele,8 Lost,4 N/A,,,,,No,-299,-100,Not Roman,-3|-2,,,,0.5,0.5,,,,,,,,,,No,Prose,,Irregular,Private,,Funerary,,3,,,,"heros,",,,,None,,,,No,No,,0,0,No Name,,
2881,"Janouchova, Petra *",Yes,I Aeg Thrace,305,10305,,Maroneia,Maroneia,Maroneia,3789,POINT(25.5128288 40.8773096),1 Certain,,No,N/A,No,Stone,Marble,,Stele,2 Slightly damaged,1 Relief,1 Architectural / Ornamental,Naiskos,,,Yes,-299,-100,Not Roman,-3|-2,,,,0.5,0.5,,,,,,,,,,No,Prose,,Irregular,Private,,Funerary,,4,,"Chaire,",,,,,,None,,,,No,No,"Alexandr[os], Eresi[?], child of Fidias, partner of, grandchild of,",1,2,Greek and Uncertain,,
2915,"Ctibor, Jan *",Yes,IG Bulg 1(2),45 bis,20045.2,,Varna,Odessos,Odessos,3846,POINT(27.9179308 43.1982701),1 Certain,"Found near the roman baths in the street of 8th November, together with 37 bis, 42 bis, 78 bis, 88 bis and 101 ter",No,N/A,No,Stone,Marble,,Stele,4 Almost destroyed,1 Relief,1 Architectural / Ornamental,Architectural moulding,,,Yes,-300,-100,Not Roman,-3|-2,,,,0.5,0.5,,,,,,,,,,No,Prose,,Irregular,Public,State decrees,,,2,"Demos, Boule,","Edoxen,",,,,,,None,,,,No,No,"Unknown, child of [?]dotos, partner of, grandchild of,",1,2,Greek and Uncertain,,
3038,"Janouchova, Petra *",Yes,I Aeg Thrace,363,10363,,Maroneia,Maroneia,Maroneia,3789,POINT(25.5086231 40.8793214),1 Certain,,No,N/A,No,Stone,Marble,,Architectural feature,2 Slightly damaged,1 Relief,1 Architectural / Ornamental,Base,,,Yes,-299,-100,Not Roman,-3|-2,,,,0.5,0.5,,,,,,,,,,No,Prose,,Irregular,Private,,Dedicatory,Hermes - written later,3,,,,"Hermes,",,,,None,,,,No,No,"Eukrates, child of, partner of, grandchild of,",1,1,Greek only,,
3374,"Ctibor, Jan *",Yes,IG Bulg 1(2),105,20105,,Varna,Odessos,Odessos,3846,POINT(27.9023552 43.2051133),2 Vicinity,"Found in street, that was formerly called Vasil Levski",No,N/A,No,Stone,Marble,,Stele,3 Heavily damaged,1 Relief,1 Architectural / Ornamental|2 Figural,Column,Sitting man,,Yes,-300,-200,Not Roman,-3,,,,1,,,,,,,,,,,No,Prose,,Irregular,Private,,Funerary,,2,,,,,,,,None,,,,No,No,"Dionysogenes, child of Hermafilos, partner of, grandchild of,",1,1,Greek only,,
3415,"Janouchova, Petra *",Yes,I Aeg Thrace,451,10451,,Saragia,Doriskos,Doriskos,3820,POINT(26.1157452 40.8689836),3 Region,,Yes,Secondary,No,Stone,Marble,,Stele,3 Heavily damaged,4 N/A,,,,,Yes,-250,-200,Not Roman,-3,,,,1,,,,,,,,,,,No,Prose,,Irregular,Public,Honorary decrees,,,21,"Oikonomos, Politai,","Dedochthai,","Proedria, Proxenia, Enktesis, Ateleia, Stefanosai,","Asklepius,",,,"Ainioi,",City,Greek,"Ainos,",1,No,No,,0,0,No Name,,
3436,"Janouchova, Petra *",Yes,I Aeg Thrace,465,10465,,Didymoteichon,Plotinopolis,Plotinopolis,3825,POINT(26.4974356 41.3485928),1 Certain,,No,N/A,No,Stone,Marble,,Stele,1 Intact,1 Relief,1 Architectural / Ornamental,Naiskos,,,Yes,-299,-250,Not Roman,-3,,,,1,,,,,,,,,,,No,Verse,,Irregular,Private,,Funerary,,11,,"Tymbos,",,"Apollo,",,,,None,,"Babylon,",1,No,No,"Apollonios, child of, partner of, Babylonios, grandchild of, Agathon, child of, partner of, grandchild of,",2,2,Greek only,,
3743,"Ctibor, Jan *",Yes,IG Bulg 1(2),219,20219,,Varna,Odessos,Odessos,3846,POINT(27.9042006 43.2070527),2 Vicinity,"Found in the street called formerly ""of 9th September"". ",No,N/A,No,Stone,Marble,,Stele,4 Almost destroyed,1 Relief,,,,,Yes,-220,-100,Not Roman,-3|-2,,,,0.5,0.5,,,,,,,,,,No,Verse,,Irregular,Private,,Funerary,,6,,,,"Kekrops, Acheron,",,,,None,,,,No,No,,0,0,No Name,,
5946,"Ctibor, Jan *",Yes,IG Bulg 1(2),253,20253,,Varna,Odessos,Odessos,3846,POINT(27.9063463 43.2404197),2 Vicinity,"Found north of the city, in a place called Kokardža.",No,N/A,No,Stone,Marble,,Stele,1 Intact,4 N/A,,,,,Yes,-300,-200,Not Roman,-3,,,,1,,,,,,,,,,,No,Prose,,Irregular,Private,,Funerary,,4,,,,,,,,None,,,,No,No,"Popa, child of Koiranos, partner of Autokrates, grandchild of,",1,2,Greek and Thracian,,
6171,"Ctibor, Jan * Kobierska, Marketa *",Yes,IG Bulg 1(2),"307, 5086",20307,,Nesebar,Mesambria,Mesambria,6172,POINT(27.7217674 42.6602216),2 Vicinity,,No,N/A,No,Stone,Marble,,Stele,3 Heavily damaged,4 N/A,,,,,Yes,-281,-277,Not Roman,-3,,,,1,,,,,,,,,,Doric,No,Prose,,Irregular,Public,Honorary decrees,,"progonoi Mopsyestis, Taroutinos, Medistas, Kotys",21,"Polis, Politeia, Horkos,",,"Stefanosai, Euergetes, Proxenia, Proedria, Eisplous and ekplous, Asylia,","Apollo, hieron,",,,"Mesambrianoi,",City,Greek,,,No,No,"Sadalas, child of, partner of, grandchild of,",1,1,Thracian only,,
6173,"Ctibor, Jan * Kobierska, Marketa *",Yes,IG Bulg 1(2),"307 bis, 5087",20307.2,,Nesebar,Mesambria,Mesambria,6172,POINT(27.7214241 42.6605372),2 Vicinity,,No,N/A,No,Stone,Marble,,Stele,1 Intact,1 Relief,1 Architectural / Ornamental,Column,,,Yes,-300,-200,Not Roman,-3,,,,1,,,,,,,,,,Doric,No,Prose,,Irregular,Public,State decrees,,,28,"Boule, Demos, Polis, Politeia, Tamias, Psefisma,","Edoxen, Dedochthai, Anagrapsai, Telamon,","Eisplous and ekplous, Isoteleia, Asylia, Prodikia, Proxenia,","Apollo, hiereus, hieron,",,,,None,,,,No,No,"Tyndarichos, child of Kallisthenes, partner of, grandchild of, Glaukias, child of Aristomenes, partner of, Kallatianoi, grandchild of,",2,2,Greek only,,
6176,"Ctibor, Jan *",Yes,IG Bulg 1(2),308,20308,,Nesebar,Mesambria,Mesambria,6172,POINT(27.7197075 42.6611684),4 Uncertain,Attributed to Mesambria,No,N/A,No,Stone,Marble,,Stele,3 Heavily damaged,1 Relief,1 Architectural / Ornamental,Naiskos,,,Yes,-300,-280,Not Roman,-3,,,,1,,,,,,,,,,Doric,No,Prose,,Irregular,Public,State decrees,,,9,"Boule, Demos, Polis,","Agathe tyche, Edoxen, Dedochthai,",,,,,,None,,,,No,No,"[?]stion, child of Sosias, partner of, Apolloniates, grandchild of,",1,2,Greek and Uncertain,,
6180,"Ctibor, Jan * Kobierska, Marketa *",Yes,IG Bulg 1(2),"308 bis, 5088",20308.2,,Nesebar,Mesambria,Mesambria,6172,POINT(27.7229691 42.6603479),2 Vicinity,,No,N/A,No,Stone,Marble,,Stele,2 Slightly damaged,1 Relief,1 Architectural / Ornamental,,,,Yes,-300,-200,Not Roman,-3,,,,1,,,,,,,,,,Doric,No,Prose,,Irregular,Public,State decrees,,,18,"Demos, Kerykes, Psefisma, Tamias,","Dedochthai, Anagrapsai, Telamon,","Stefanosai, Eunoia, Eunous, Prothymos,","hieron, Apollo, Dionysia,",,,,None,,,,No,No,"Eufemos, child of Pausanias, partner of, grandchild of,",1,1,Greek only,,
6182,"Ctibor, Jan * Kobierska, Marketa *",Yes,IG Bulg 1(2),"308 ter, 5089",20308.3,,Nesebar,Mesambria,Mesambria,6172,POINT(27.7227116 42.6605372),2 Vicinity,,No,N/A,No,Stone,Marble,,Stele,3 Heavily damaged,1 Relief,1 Architectural / Ornamental,,,,Yes,-300,-200,Not Roman,-3,,,,1,,,,,,,,,,Doric,No,Prose,,Irregular,Public,State decrees,,,13,"Demos, Kerykes, Tamias, Psefisma,","Dedochthai, Anagrapsai, Telamon,","Stefanosai,","hieron, Dionysus, Dionysia,",,,,None,,,,No,No,"Antaios, child of Thessalos, partner of, grandchild of,",1,1,Greek only,,
6184,"Ctibor, Jan *",Yes,IG Bulg 1(2),308 quatter,20308.4,,Nesebar,Mesambria,Mesambria,6172,POINT(27.7220249 42.6605372),2 Vicinity,,No,N/A,No,Stone,Marble,,Stele,4 Almost destroyed,4 N/A,,,,,Yes,-300,-200,Not Roman,-3,,,,1,,,,,,,,,,Doric,No,Prose,,Irregular,Public,State decrees,,,8,"Demos, Boule,","Edoxen,",,,,,,None,,,,No,No,"Pythodoros, child of, partner of, grandchild of,",1,1,Greek only,,
6186,"Ctibor, Jan * Kobierska, Marketa *",Yes,IG Bulg 1(2),"308 quinquies, 5090",20308.5,,Nesebar,Mesambria,Mesambria,6172,POINT(27.7238274 42.6601585),2 Vicinity,,No,N/A,No,Stone,Marble,,Stele,4 Almost destroyed,1 Relief,1 Architectural / Ornamental,,,,Yes,-220,-180,Not Roman,-3|-2,,,,0.5,0.5,,,,,,,,,,No,Prose,,Irregular,Public,State decrees,,,7,"Boule, Demos,","Edoxen,",,,,,,None,,,,No,No,"Byrichos, child of, partner of, grandchild of,",1,1,Greek only,,
6188,"Ctibor, Jan *",Yes,IG Bulg 1(2),308 sexies,20308.6,,Nesebar,Mesambria,Mesambria,6172,POINT(27.7237415 42.6595273),2 Vicinity,,No,N/A,No,Stone,Marble,,Stele,4 Almost destroyed,1 Relief,1 Architectural / Ornamental,Naiskos,,,Yes,-300,-200,Not Roman,-3,,,,1,,,,,,,,,,Doric,No,Prose,,Irregular,Public,State decrees,,,5,"Epikoinoi, Demos,","Edoxen,",,,,,,None,,,,No,No,"Melseon, child of Herodoros, partner of, grandchild of,",1,1,Greek only,,
6191,"Ctibor, Jan * Kobierska, Marketa *",Yes,IG Bulg 1(2),"308 septies, 5091",20308.7,,Nesebar,Mesambria,Mesambria,6172,POINT(27.7235699 42.6599691),2 Vicinity,,No,N/A,No,Stone,Marble,,Stele,4 Almost destroyed,1 Relief,1 Architectural / Ornamental,,,,Yes,-300,-200,Not Roman,-3,,,,1,,,,,,,,,,Doric,No,Prose,,Irregular,Public,State decrees,,,13,"Psefisma,","Dedochthai, Anagrapsai,","Stefanosai,","Dioskuroi,",,,,None,,,,No,No,"Metron, child of, partner of, grandchild of,",1,1,Greek only,,
6193,"Ctibor, Jan *",Yes,IG Bulg 1(2),308 octies,20308.8,,Nesebar,Mesambria,Mesambria,6172,POINT(27.7229691 42.6603479),2 Vicinity,,No,N/A,No,Stone,Marble,,Stele,4 Almost destroyed,1 Relief,1 Architectural / Ornamental,,,,Yes,-300,-100,Not Roman,-3,,,,1,,,,,,,,,,,No,Prose,,Irregular,Public,,,,7,,,,"bomos,",,,,None,,,,No,No,,0,0,No Name,,
6196,"Ctibor, Jan *",Yes,IG Bulg 1(2),308 decies,20308.1,,Nesebar,Mesambria,Mesambria,6172,POINT(27.7233982 42.6600323),2 Vicinity,,No,N/A,No,Stone,Marble,,Stele,4 Almost destroyed,1 Relief,1 Architectural / Ornamental,,,,Yes,-300,-200,Not Roman,-3,,,,1,,,,,,,,,,Doric,No,Prose,,Irregular,Public,State decrees,,,8,"Politeia,",,"Proxenia, Isoteleia, Eisplous and ekplous, Asylia, Prodikia,",,,,,None,,,,No,No,,0,0,No Name,,
6197,"Ctibor, Jan *",Yes,IG Bulg 1(2),308 undecies,20308.11,,Nesebar,Mesambria,Mesambria,6172,POINT(27.7362835 42.6600599),3 Region,Originaly built in the walls of St. Georg church.,Yes,Secondary,No,Stone,Marble,,Stele,4 Almost destroyed,1 Relief,1 Architectural / Ornamental,,,,Yes,-300,-200,Not Roman,-3,,,,1,,,,,,,,,,Doric,No,Prose,,Irregular,Public,State decrees,,,6,"Psefisma, Tamias,","Anagrapsai, Anetheken, Telamon,",,"hieron, Apollo,",,,,None,,,,No,No,,0,0,No Name,,
6198,"Ctibor, Jan *",Yes,IG Bulg 1(2),308 duodecies,20308.12,,Nesebar,Mesambria,Mesambria,6172,POINT(27.7331024 42.6577954),3 Region,Found built in the walls of St. Stephan church,Yes,Secondary,No,Stone,Marble,,Stele,4 Almost destroyed,1 Relief,1 Architectural / Ornamental,Floral motive,,,Yes,-300,-200,Not Roman,-3,,,,1,,,,,,,,,,Doric,No,Prose,,Irregular,Public,State decrees,,,2,"Demos,","Edoxen,",,,,,,None,,,,No,No,"Pausanias, child of, partner of, grandchild of,",1,1,Greek only,,
6200,"Ctibor, Jan *",Yes,IG Bulg 1(2),309,20309,,Nesebar,Mesambria,Mesambria,6172,POINT(27.7244282 42.659906),2 Vicinity,,No,N/A,No,Stone,Marble,,Stele,3 Heavily damaged,1 Relief,1 Architectural / Ornamental,Naiskos,,,Yes,-300,-200,Not Roman,-3,,,,1,,,,,,,,,,Doric,No,Prose,,Irregular,Public,State decrees,,,10,"Politeia,","Agathe tyche,","Proxenia, Proedria, Isoteleia, Eisplous and ekplous, Asylia,",,,,"Mesambrianoi,",City,Greek,,,No,No,"Kallippos, child of Thersandridas, partner of, Thessalos, grandchild of,",1,1,Greek only,Greek,
6203,"Ctibor, Jan *",Yes,IG Bulg 1(2),309 bis,20309.2,,Nesebar,Mesambria,Mesambria,6172,POINT(27.7242565 42.660411),2 Vicinity,,No,N/A,No,Stone,Marble,,Stele,4 Almost destroyed,4 N/A,,,,,Yes,-300,-200,Not Roman,-3,,,,1,,,,,,,,,,Doric,No,Prose,,Irregular,Public,State decrees,,,8,"Politeia,",,"Proxenia, Proedria, Isoteleia, Eisplous and ekplous, Asylia,",,,,,None,,,,No,No,,0,0,No Name,,
6204,"Ctibor, Jan *",Yes,IG Bulg 1(2),309 ter,20309.3,,Nesebar,Mesambria,Mesambria,6172,POINT(27.7245998 42.6598429),2 Vicinity,,No,N/A,No,Stone,Marble,,Stele,4 Almost destroyed,4 N/A,,,,,Yes,-300,-200,Not Roman,-3,,,,1,,,,,,,,,,Doric,No,Prose,,Irregular,Public,State decrees,,,8,"Politeia,",,"Proxenia, Proedria, Isoteleia, Eisplous and ekplous, Asylia,",,,,,None,,,,No,No,,0,0,No Name,,
6233,"Ctibor, Jan * Kobierska, Marketa *",Yes,IG Bulg 1(2),"318, 5096 bis",20318,,Nesebar,Mesambria,Mesambria,6172,POINT(27.7227974 42.6606003),2 Vicinity,,No,N/A,No,Stone,Marble,,Stele,4 Almost destroyed,4 N/A,,,,,Yes,-300,-200,Not Roman,-3,,,,1,,,,,,,,,,,No,Prose,,Irregular,Public,Religious/Ritual|Accounts/Lists,,Cathalog of heroes,15,,,,,,,,None,,,,No,No,"Boutes, child of, partner of, grandchild of, Atlas, child of, partner of, grandchild of, Athamas, child of, partner of, grandchild of, Astydamas, child of, partner of, grandchild of, Astyochos, child of, partner of, grandchild of, [F]ebos, child of, partner of, grandchild of, Skyros, child of, partner of, grandchild of, Kynosouros, child of, partner of, grandchild of, Ornyt[os/ion], child of, partner of, grandchild of, Peloros, child of, partner of, grandchild of, Aloeus, child of, partner of, grandchild of,",11,11,Greek and Uncertain,,
6258,"Ctibor, Jan * Kobierska, Marketa *",Yes,IG Bulg 1(2),"322 bis, 5099",20322.2,,Nesebar,Mesambria,Mesambria,6172,POINT(27.7232265 42.6602216),2 Vicinity,,No,N/A,No,Stone,,,Architectural feature,1 Intact,4 N/A,,,,capital of a column,Yes,-300,-200,Not Roman,-3,,,,1,,,,,,,,,,,No,Prose,,Irregular,Private,,Dedicatory,,4,"Basileus, Gymnasiarches,",,,"Zeus,","Hyperdexios,",Regional,,None,,,,No,No,"Laios, child of Boiotos, partner of, grandchild of,",1,1,Greek only,,
6262,"Ctibor, Jan * Kobierska, Marketa *",Yes,IG Bulg 1(2),"322 ter, 5100",20322.3,,Nesebar,Mesambria,Mesambria,6172,POINT(27.723999 42.6600323),2 Vicinity,,No,N/A,No,Stone,Marble,,Stele,2 Slightly damaged,4 N/A,,,,,Yes,-300,-100,Not Roman,-3|-2,,,,0.5,0.5,,,,,,,,,Doric,No,Prose,,Irregular,Private,,Dedicatory,,11,,"Charisterion,",,"Sarapis / Serapis, Isis, Anoubis, Aphrodite,",,,,None,,,,No,No,"Euelpistos, child of, partner of, grandchild of, Apollonios, child of, partner of, grandchild of, Athys, child of, partner of, grandchild of, Lydos, child of, partner of, grandchild of,",4,4,Greek and Thracian,,
6310,"Ctibor, Jan *",Yes,IG Bulg 1(2),330 ter,20330.3,,Nesebar,Mesambria,Mesambria,6172,POINT(27.7229691 42.6602216),2 Vicinity,,No,N/A,No,Stone,Marble,,Stele,3 Heavily damaged,1 Relief,1 Architectural / Ornamental|2 Figural,Naiskos,Group of people,,Yes,-300,-200,Not Roman,-3,,,,1,,,,,,,,,,Doric,No,Prose,,Irregular,Private,,Funerary,,4,,,,,,,,None,,,,No,No,"Polyainetos, child of Bosporichos, partner of, grandchild of, Matrodoros, child of Bosporichos, partner of, grandchild of, Bosporichos, child of Matrodoros, partner of, grandchild of, Matricha, child of, partner of Bosporichos, grandchild of,",4,4,Greek only,,
6327,"Ctibor, Jan *",Yes,IG Bulg 1(2),334 bis,20334.2,,Nesebar,Mesambria,Mesambria,6172,POINT(27.7361012 42.6594011),2 Vicinity,Found in the ancient necropolis.,No,Funerary,Yes,Stone,Limestone,,Stele,1 Intact,4 N/A,,,,,Yes,-300,-200,Not Roman,-3,,,,1,,,,,,,,,,,No,Prose,,Irregular,Private,,Funerary,,2,,,,,,,,None,,,,No,No,"Kalligeiton, child of Sosandros, partner of, grandchild of,",1,1,Greek only,,
6328,"Ctibor, Jan *",Yes,IG Bulg 1(2),334 ter,20334.3,,Nesebar,Mesambria,Mesambria,6172,POINT(27.7310371 42.6585805),2 Vicinity,The stele was built in the citiy walls,No,N/A,No,Stone,Marble,,Stele,3 Heavily damaged,1 Relief,1 Architectural / Ornamental,Floral motive|Naiskos,,,Yes,-300,-200,Not Roman,-3,,,,1,,,,,,,,,,Doric,No,Prose,,Irregular,Private,,Funerary,,3,,,,,,,,None,,,,No,No,"Herodoros, child of Heronymos, partner of, grandchild of, Unknown, child of, partner of Herodoros, grandchild of,",2,3,Greek and Uncertain,,
6331,"Ctibor, Jan *",Yes,IG Bulg 1(2),334 quater,20334.4,,Nesebar,Mesambria,Mesambria,6172,POINT(27.7230549 42.6601585),2 Vicinity,,No,N/A,No,Stone,Marble,,Stele,3 Heavily damaged,1 Relief,1 Architectural / Ornamental,Naiskos,,,Yes,-300,-200,Not Roman,-3,,,,1,,,,,,,,,,Doric,No,Prose,,Irregular,Private,,Funerary,,2,,,,,,,,None,,,,No,No,"Athanais, child of [?]on, partner of, grandchild of,",1,2,Greek and Uncertain,,
6334,"Ctibor, Jan *",Yes,IG Bulg 1(2),334 quinquies,20334.5,,Nesebar,Mesambria,Mesambria,6172,POINT(27.7226257 42.6601585),2 Vicinity,,No,N/A,No,Stone,Marble,,Stele,3 Heavily damaged,4 N/A,,,,,Yes,-300,-200,Not Roman,-3,,,,1,,,,,,,,,,,No,Prose,,Irregular,Private,,Funerary,,2,,,,,,,,None,,,,No,No,"Epimenes, child of Hekataios, partner of, grandchild of,",1,1,Greek only,,
6336,"Ctibor, Jan *",Yes,IG Bulg 1(2),334 sexies,20334.6,,Nesebar,Mesambria,Mesambria,6172,POINT(27.723484 42.6600954),2 Vicinity,"The stele was built in the walls of St. George church, that hes been later destroyed.",No,N/A,No,Stone,Marble,,Stele,4 Almost destroyed,1 Relief,,,,,Yes,-300,-200,Not Roman,-3,,,,1,,,,,,,,,,Doric,No,Prose,,Irregular,Private,,Funerary,,2,,,,,,,,None,,,,No,No,"[?]frastos, child of Athanais, partner of, grandchild of,",1,1,Greek only,,
6387,"Ctibor, Jan * Kobierska, Marketa *",Yes,IG Bulg 1(2),"335 bis, 5108",20335.2,,Nesebar,Mesambria,Mesambria,6172,POINT(27.723484 42.6597798),2 Vicinity,,No,N/A,No,Stone,Marble,,Stele,1 Intact,1 Relief,2 Figural,,Sitting woman,,Yes,-300,-200,Not Roman,-3,,,,1,,,,,,,,,,,No,Prose,,Irregular,Private,,Funerary,,2,,,,,,,,None,,,,No,No,"Agasikleia, child of Noios, partner of, grandchild of,",1,1,Greek only,,
6388,"Ctibor, Jan * Kobierska, Marketa *",Yes,IG Bulg 1(2),"335 ter, 5109",20335.3,,Nesebar,Mesambria,Mesambria,6172,POINT(27.7227974 42.6599691),2 Vicinity,,No,N/A,No,Stone,Marble,,Stele,1 Intact,1 Relief,1 Architectural / Ornamental|2 Figural,Naiskos,Group of people|Sitting woman,"Siting woman (Kallion), standing man (Ariston), standing servant and altar",Yes,-300,-200,Not Roman,-3,,,,1,,,,,,,,,,,No,Prose,,Irregular,Private,,Funerary,,2,,"Chairete,",,,,,,None,,,,No,No,"Kallion, child of, partner of, grandchild of, Ariston, child of, partner of, grandchild of,",2,2,Greek only,,
6392,"Ctibor, Jan *",Yes,IG Bulg 1(2),335 quater,20335.4,,Nesebar,Mesambria,Mesambria,6172,POINT(27.730372 42.6591052),1 Certain,Found by the northern city wall by the isthmos,No,N/A,No,Stone,Marble,,Stele,2 Slightly damaged,1 Relief,2 Figural,,Standing person|Group of people,,Yes,-300,-200,Not Roman,-3,,,,1,,,,,,,,,,,No,Prose,,Irregular,Private,,Funerary,,2,,,,,,,,None,,,,No,No,"Unknown, child of Pythion, partner of, grandchild of,",1,2,Greek and Uncertain,,
6394,"Ctibor, Jan * Kobierska, Marketa *",Yes,IG Bulg 1(2),"335 quinquies, 5110",20335.5,,Nesebar,Mesambria,Mesambria,6172,POINT(27.7228832 42.6606003),2 Vicinity,,No,N/A,No,Stone,Marble,,Stele,3 Heavily damaged,1 Relief,1 Architectural / Ornamental|2 Figural,Naiskos,Sitting man|Standing person,,Yes,-300,-200,Not Roman,-3,,,,1,,,,,,,,,,,No,Prose,,Irregular,Private,,Funerary,,2,,,,,,,,None,,,,No,No,"Herofilos, child of Parmis, partner of, grandchild of,",1,1,Greek only,,
6396,"Ctibor, Jan *",Yes,IG Bulg 1(2),335 sexies,20335.6,,Nesebar,Mesambria,Mesambria,6172,POINT(27.723999 42.6605372),2 Vicinity,,No,N/A,No,Stone,Marble,,Stele,4 Almost destroyed,1 Relief,1 Architectural / Ornamental|2 Figural,Naiskos,Sitting woman,,Yes,-300,-200,Not Roman,-3,,,,1,,,,,,,,,,Doric,No,Prose,,Irregular,Private,,Funerary,,1,,"Chaire,",,,,,,None,,,,No,No,"[?]ros, child of Metrodoros, partner of, grandchild of,",1,2,Greek and Uncertain,,
6398,"Ctibor, Jan * Kobierska, Marketa *",Yes,IG Bulg 1(2),"335 septies, 5111",20335.7,,Nesebar,Mesambria,Mesambria,6172,POINT(27.7231407 42.6604741),2 Vicinity,,No,N/A,No,Stone,Marble,,Stele,4 Almost destroyed,1 Relief,2 Figural,,Sitting man,Sitting man and two shields,Yes,-300,-200,Not Roman,-3,,,,1,,,,,,,,,,,No,Prose,,Irregular,Private,,Funerary,,1,"Strategos, Fylax,",,,"heros,",,,,None,,,,No,No,"Unknown, child of Dioskourides, partner of, grandchild of,",1,2,Greek and Uncertain,,
6400,"Ctibor, Jan *",Yes,IG Bulg 1(2),335 octies,20335.8,,Nesebar,Mesambria,Mesambria,6172,POINT(27.7365303 42.6595273),2 Vicinity,"Was built in the church of St. George, that has been later destroyed.",No,N/A,No,Stone,Marble,,Stele,4 Almost destroyed,1 Relief,2 Figural,,Sitting woman|Group of people,Maybe funebral scene?,Yes,-300,-100,Not Roman,-3|-2,,,,0.5,0.5,,,,,,,,,,No,Prose,,Irregular,Private,,Funerary,,1,,,,"heros,",,,,None,,,,No,No,"Apellas, child of Melixo, partner of, grandchild of, [?]leneis, child of Melixo, partner of, grandchild of,",2,2,Greek only,,
6404,"Ctibor, Jan *",Yes,IG Bulg 1(2),336,20336,,Nesebar,Mesambria,Mesambria,6172,POINT(27.7233124 42.6603479),2 Vicinity,,No,N/A,No,Stone,Marble,,Stele,7 Drawing,4 N/A,,,,,Yes,-300,-200,Not Roman,-3,,,,1,,,,,,,,,,,No,Prose,,Irregular,Private,,Funerary,,4,,,,,,,,None,,,,No,No,"Telesagoros, child of Dionysodoros, partner of, grandchild of, Dionysodoros, child of Telesagoros, partner of, grandchild of,",2,2,Greek only,,
6407,"Ctibor, Jan * Kobierska, Marketa *",Yes,IG Bulg 1(2),"337, 5112",20337,,Nesebar,Mesambria,Mesambria,6172,POINT(27.7233982 42.6602216),2 Vicinity,,No,N/A,No,Stone,Marble,,Stele,1 Intact,1 Relief,1 Architectural / Ornamental,Naiskos|Other > notes,,Cantharos,Yes,-300,-200,Not Roman,-3,,,,1,,,,,,,,,,,No,Prose,,Irregular,Private,,Funerary,,2,,,,,,,,None,,,,No,No,"Meidon, child of Megakles, partner of, grandchild of, Sikelia, child of Meidon, partner of, grandchild of,",2,2,Greek only,,
6410,"Ctibor, Jan *",Yes,IG Bulg 1(2),337 bis,20337.2,,Nesebar,Mesambria,Mesambria,6172,POINT(27.7342987 42.6590855),2 Vicinity,"Velkov, Nessebre 1, p. 194 and 167, no. 15, Found in 1959 in the ancient necropolis Kvartala, dated to 3rd c. BC, in a grave with terracotta urn",No,Funerary,Yes,Stone,Marble,,Stele,1 Intact,1 Relief,1 Architectural / Ornamental,Naiskos|Other > notes,,Cantharus,Yes,-300,-200,Not Roman,-3,,,,1,,,,,,,,,,Doric,No,Prose,,Irregular,Private,,Funerary,,3,,,,,,,,None,,,,No,No,"Botrys, child of Pythodoros, partner of, grandchild of, Fila, child of, partner of Botrys, grandchild of, Pythodoros, child of Botrys, partner of, grandchild of,",3,3,Greek only,,
6420,"Ctibor, Jan *",Yes,IG Bulg 1(2),338 quater,20338.4,,Nesebar,Mesambria,Mesambria,6172,POINT(27.7353286 42.6589592),2 Vicinity,"Velkov, Nessebre 1, p. 194 and 167, no. 16, Found in 1959 in the ancient necropolis Kvartala, dated to 3rd c. BC, found in Tomb no. 1.",No,Funerary,Yes,Stone,Marble,,Stele,3 Heavily damaged,1 Relief,1 Architectural / Ornamental,Naiskos,,,Yes,-300,-200,Not Roman,-3,,,,1,,,,,,,,,,Doric,No,Prose,,Irregular,Private,,Funerary,,2,,,,,,,,None,,,,No,No,"Erymenidas, child of Omfalion, partner of, grandchild of,",1,1,Greek only,,
6422,"Ctibor, Jan *",Yes,IG Bulg 1(2),339,20339,,Nesebar,Mesambria,Mesambria,6172,POINT(27.7349854 42.6595273),2 Vicinity,Found in the ancient necropolis.,No,Funerary,Yes,Stone,Marble,,Stele,4 Almost destroyed,1 Relief,2 Figural,,,"Head of a man can be seen (according to Mihailov, not to me)",Yes,-300,-200,Not Roman,-3,,,,1,,,,,,,,,,Doric,No,Prose,,Irregular,Private,,Funerary,,3,,"Chaire,",,,,,,None,,,,No,No,"Athanaion, child of Kraton, partner of, grandchild of,",1,1,Greek only,,
6424,"Ctibor, Jan *",Yes,IG Bulg 1(2),339 bis,20339.2,,Nesebar,Mesambria,Mesambria,6172,POINT(27.7348995 42.6593379),3 Region,Built in a building.,Yes,Secondary,No,Stone,Marble,,Stele,3 Heavily damaged,4 N/A,,,,,Yes,-300,-100,Not Roman,-3|-2,,,,0.5,0.5,,,,,,,,,,No,Prose,,Irregular,Private,,Funerary,,2,,,,,,,,None,,,,No,No,"Dionys[?], child of Kalchi[?], partner of, grandchild of,",1,2,Greek and Uncertain,,
6442,"Ctibor, Jan *",Yes,IG Bulg 1(2),341,20341,,Nesebar,Mesambria,Mesambria,6172,POINT(27.7360153 42.6588961),2 Vicinity,Found in the ancient necropolis,No,Funerary,Yes,Stone,Marble,,Stele,3 Heavily damaged,1 Relief,1 Architectural / Ornamental,Naiskos|Floral motive,,,Yes,-300,-100,Not Roman,-3|-2,,,,0.5,0.5,,,,,,,,,Doric,No,Prose,,Irregular,Private,,Funerary,,2,"Demos,","Chaire,",,,,,,None,,,,No,No,,0,0,No Name,,
6445,"Ctibor, Jan * Kobierska, Marketa *",Yes,IG Bulg 1(2),"343, 5115",20343,,Nesebar,Mesambria,Mesambria,6172,POINT(27.7227116 42.6602847),2 Vicinity,,No,N/A,No,Stone,,,Stele,1 Intact,1 Relief,2 Figural,,Horse rider|Standing person,,Yes,-300,-200,Not Roman,-3,,,,1,,,,,,,,,,,No,Prose,,Irregular,Private,,Funerary,,1,,"Chaire,",,,,,,None,,,,No,No,"Hellen, child of Hellen, partner of, grandchild of,",1,1,Greek only,,
6456,"Ctibor, Jan * Kobierska, Marketa *",Yes,IG Bulg 1(2),"343 septies, 5117",20343.7,,Nesebar,Mesambria,Mesambria,6172,POINT(27.7235699 42.6600323),2 Vicinity,,No,N/A,No,Stone,Marble,,Stele,1 Intact,1 Relief,1 Architectural / Ornamental,Naiskos,,,Yes,-300,-100,Not Roman,-3|-2,,,,0.5,0.5,,,,,,,,,Doric,No,Verse,,Irregular,Private,,Funerary,,9,,"Chaire,",,,,,,None,,,,No,No,"Nausistratos, child of Herakleidas, partner of, grandchild of,",1,1,Greek only,,
6522,"Ctibor, Jan *",Yes,IG Bulg 1(2),349 quinquies,20349.5,,Nesebar,Mesambria,Mesambria,6172,POINT(27.7350712 42.6592117),2 Vicinity,Found under the cinema,No,N/A,No,Stone,Marble,,Stele,4 Almost destroyed,4 N/A,,,,,Yes,-300,-100,Not Roman,-3|-2,,,,0.5,0.5,,,,,,,,,,No,Prose,,Irregular,Uncertain,,,,5,,,,,,,,None,,,,No,No,,0,0,No Name,,
6523,"Ctibor, Jan *",Yes,IG Bulg 1(2),349 sexies,20349.6,,Nesebar,Mesambria,Mesambria,6172,POINT(27.7317238 42.6594642),3 Region,Built in the northern walls.,Yes,Secondary,No,Stone,,,Stele,9 Undeterminable,4 N/A,,,,,Yes,-300,-100,Not Roman,-3|-2,,,,0.5,0.5,,,,,,,,,,No,Prose,,Irregular,Uncertain,,,,2,,,,,,,,None,,,,No,No,"Doros (?), Chrestos, child of, partner of, grandchild of,",1,1,Greek only,,
7496,"Kobierska, Marketa *",Yes,IG Bulg 2,867,30867,,Dobrich (Tolbuhin),,Marcianopolis,7497,POINT(27.8265882 43.5731158),3 Region,,No,N/A,No,Stone,Marble,,Stele,9 Undeterminable,4 N/A,,,,,Yes,-300,-201,Not Roman,-3,,,,1,,,,,,,,,,,No,Prose,,Irregular,Private,Accounts/Lists,,List of people,11,,,,,,,,None,,,,No,No,"Dionysios, child of, partner of, grandchild of, Alexandros, child of, partner of, grandchild of, Matris, child of, partner of, grandchild of, Dioskourides, child of De[?], partner of, grandchild of, Artemidoros, child of Hygiainon, partner of, grandchild of, Theodoros, child of Theodoros, partner of, grandchild of, Apollonios, child of Attalos, partner of, grandchild of, Polykrates, child of Hermon, partner of, grandchild of, Menekles, child of Pasikles, partner of, grandchild of, Dionysios, child of Orthobios, partner of, grandchild of, Herakleon, child of Arist[?], partner of, grandchild of, Her[?], child of, partner of, grandchild of,",12,12,Greek and Uncertain,,
7549,"Kobierska, Marketa *",Yes,"IG Bulg 3,1","879, 5396",40879,,Plovdiv,Philippopolis,Philippopolis,7544,POINT(24.74982 42.14727),2 Vicinity,,No,N/A,No,Stone,Marble,,Stele,4 Almost destroyed,1 Relief,,,,,Yes,-300,-101,Not Roman,-3|-2,,,,0.5,0.5,,,,,,,,,,No,Prose,,Irregular,Public,State decrees,,,6,"Politai, Archon, Patris, Polis,",,,,,,,None,,,,No,No,,0,0,No Name,,
8038,"Ctibor, Jan *",Yes,IG Bulg 1(2),386 bis,20386.2,,Unknown,,Anchilaos,8039,POINT(27.7205593 42.6601365),4 Uncertain,Probably from Mesambria,No,N/A,No,Stone,Marble,,Stele,4 Almost destroyed,4 N/A,,,,,Yes,-300,-200,Not Roman,-3,,,,1,,,,,,,,,,,No,Prose,,Irregular,Uncertain,,,,7,,,,,,,,None,,,,No,No,,0,0,No Name,,
8040,"Ctibor, Jan *",Yes,IG Bulg 1(2),"386 ter, 387 bis",20386.3,,Unknown,,,6110,POINT(27.6961748 42.4172628),4 Uncertain,Probably from Apollonia,No,N/A,No,Stone,Marble,,Stele,4 Almost destroyed,4 N/A,,,,,Yes,-300,-200,Not Roman,-3,,,,1,,,,,,,,,,,No,Prose,,Irregular,Uncertain,,,,6,,,,,,,,None,,,,No,No,,0,0,No Name,,
8043,"Ctibor, Jan * Kobierska, Marketa *",Yes,IG Bulg 1(2),"388, 5136",20388,,Sozopol,Apollonia,Apollonia,8044,POINT(27.6952887 42.4177857),3 Region,"Formerly built in the walls of the church of st. John, later built in the walls of the cinema ",Yes,Secondary,No,Stone,Marble,,Stele,4 Almost destroyed,4 N/A,,,,,Yes,-260,-250,Not Roman,-3,,,,1,,,,,,,,,,Doric,No,Prose,,Irregular,Public,State decrees,,,17,"Demos, Polis, Strategos,","Edoxen, Dedochthai,","Euergetes, Stefanosai, Stefanos,","hieron, Apollo,",,,"Apolloniates,",City,Greek,,,No,No,"Antiochos, child of, partner of, grandchild of,",1,1,Greek only,Greek,
8050,"Ctibor, Jan * Kobierska, Marketa *",Yes,IG Bulg 1(2),"389, 5138",20389,,Burgas,,Anchilaos,7986,POINT(27.4646187 42.5020983),2 Vicinity,"Found in Burgas, but originates from Apollonia",No,N/A,No,Stone,Marble,,Stele,3 Heavily damaged,1 Relief,1 Architectural / Ornamental|2 Figural,Naiskos,Sitting man,Probably a soldier or Ares,Yes,-260,-240,Not Roman,-3,,,,1,,,,,,,,,,,No,Prose,,Irregular,Public,State decrees,,,6,"Demos, Archon, Polis, Basileus,","Edoxen,",,,,,,None,,,,No,No,"Kotys, child of, partner of, grandchild of, Raiskeporis (Raiskouporis), child of, partner of, grandchild of,",2,2,Thracian only,,
8064,"Ctibor, Jan *",Yes,IG Bulg 1(2),394,20394,,Sozopol,Apollonia,Apollonia,8044,POINT(27.6938725 42.4183876),2 Vicinity,,No,N/A,No,Stone,Marble,,Stele,7 Drawing,4 N/A,,,,Now lost.,Yes,-300,-200,Not Roman,-3,,,,1,,,,,,,,,,,No,Prose,,Irregular,Public,State decrees,,,4,,,,,,,,None,,,,No,No,,0,0,No Name,,
8065,"Ctibor, Jan *",Yes,IG Bulg 1(2),395,20395,,Sozopol,Apollonia,Apollonia,8044,POINT(27.6922417 42.4247078),1 Certain,Found in the see in the harbour,No,N/A,No,Stone,Marble,,Stele,2 Slightly damaged,1 Relief,1 Architectural / Ornamental,Crown,,3 crowns,Yes,-300,-100,Not Roman,-3|-2,,,,0.5,0.5,,,,,,,,,,No,Prose,,Irregular,Public,Honorary decrees,,,3,"Demos,",,"Euergetes,",,,,,None,,,,No,No,"Nymfodoros, child of Nymfodoros, partner of, grandchild of,",1,1,Greek only,,
8067,"Ctibor, Jan *",Yes,IG Bulg 1(2),395 bis,20395.2,,Sozopol,Apollonia,Apollonia,8044,POINT(27.7015113 42.4111638),1 Certain,"Found in the ancient necropolis Kalfata, no clear connection with any grave, part of necropolis Morskata gradina",No,Funerary,Yes,Stone,Marble,,Stele,3 Heavily damaged,1 Relief,1 Architectural / Ornamental,Naiskos|Geometric motive,,"In the anaglyph, there is a hlemet, two swords, a shield and a man",Yes,-300,-200,Not Roman,-3,,,,1,,,,,,,,,,,No,Prose,,Irregular,Public,Honorary decrees,,,2,"Demos,",,,,,,,None,,,,No,No,"Athenaios, child of Neanthos, partner of, grandchild of,",1,1,Greek only,,
8069,"Ctibor, Jan * Kobierska, Marketa *",Yes,IG Bulg 1(2),"395 ter, 5138 bis",20395.3,,Sozopol,Apollonia,Apollonia,8044,POINT(27.7039146 42.4090725),1 Certain,Found in the ancient necropolis Kalfata,No,Funerary,Yes,Stone,Marble,,Stele,2 Slightly damaged,1 Relief,1 Architectural / Ornamental|2 Figural,Naiskos|Altar,Standing person,"In the tympanum there are two altars, in the anaglyph there is a herma, a standing man and a little servant.",Yes,-300,-100,Not Roman,-3|-2,,,,0.5,0.5,,,,,,,,,,No,Prose,,Irregular,Public,Honorary decrees,,,1,"Demos,",,,,,,,None,,,,No,No,,0,0,No Name,,
8177,"Janouchova, Petra * Kobierska, Marketa *",Yes,"IG Bulg 3,2","1731, 5614",51731,42:661,Seuthopolis,Seuthopolis,Augusta Traiana,8178,POINT(25.3049469 42.6173493),1 Certain,"city of Seuthopolis,IGBulg III 1731 (part of the text); SEG 42 661 (ed.pr.). W.M.Calder III in R.W.Wallace -E.M.Harris (edd.), Transitions to Empire. Essays in Greco-Roman History, 360-146 B.C., in Honor of E. Badian (Norman-London 1996) 167-178, presents a full edition of the inscription (English translation) 1 C. suggests that Ἐπιμένης was the ruler of a city attacked by Εβρυζελμις, Τηρις, Σατοκος, and Σαδαλας, the sons of Σεύθης and Βερενίκη",No,Habitation,No,Stone,Marble,,Stele,1 Intact,1 Relief,1 Architectural / Ornamental,Naiskos,,,Yes,-300,-280,Not Roman,-3,,,,1,,,,,,,,,,,No,Prose,,Irregular,Public,State decrees,,decree of Seuthopolis,37,"Horkos,","Agathe tyche, Dedochthai, Eis stelen lithinen, Stesai,",,"hieron, Theoi Samothrakioi, Phosphorion, bomos, Apollo, Theos megalos, Dionysus,",,,,None,,"Seuthopolis, Kabyle,",2,No,No,"Epimenes, child of, partner of, grandchild of, Berenike, child of, partner of, grandchild of, Spartokos, child of, partner of, grandchild of, Seuthes, child of, partner of Berenike, grandchild of, Hebryzelmis, child of Berenike, partner of, grandchild of, Teres, child of Berenike, partner of, grandchild of, Satokos, child of Berenike, partner of, grandchild of, Sadalas, child of Berenike, partner of, grandchild of,",8,8,Greek and Thracian,,
8189,"Janouchova, Petra *",Yes,"IG Bulg 3,2",1732,51732,,Seuthopolis,Seuthopolis,Augusta Traiana,8178,POINT(25.3037453 42.6174125),1 Certain,"near the altar of Dionysos, Seuthopolis",No,Religious/Ritual,No,Stone,Other >,syenis,Stele,3 Heavily damaged,4 N/A,,,,,Yes,-300,-250,Not Roman,-3,,,,1,,,,,,,,,,,No,Prose,,Irregular,Private,,Dedicatory,,2,,,,"Dionysus, hiereus,",,,,None,,,,No,No,"Amaistas, child of Medistas, partner of, grandchild of,",1,1,Thracian only,,
9100,"Ctibor, Jan *",Yes,IG Bulg 1(2),459,20459,,Sozopol,Apollonia,Apollonia,8044,POINT(27.6948166 42.4232664),3 Region,Found built in the walls of the church of St. Zosim,Yes,Secondary,No,Stone,Marble,,Stele,1 Intact,1 Relief,1 Architectural / Ornamental,Architectural moulding,,,Yes,-300,-200,Not Roman,-3,,,,1,,,,,,,,,,,No,Prose,,Irregular,Private,,Funerary,,7,,,,,,,,None,,,,No,No,"Krinomenes, child of Oinopides, partner of Deme, grandchild of, Deme, child of Aristokles, partner of Krinomenes, Amfipolites, grandchild of,",2,2,Greek only,,
9365,"Ctibor, Jan *",Yes,IG Bulg 1(2),469 bis,20469.2,,Sozopol,Apollonia,Apollonia,8044,POINT(27.6901817 42.425579),2 Vicinity,,No,N/A,No,Stone,Marble,,Stele,4 Almost destroyed,1 Relief,1 Architectural / Ornamental,Naiskos,,,Yes,-220,-100,Not Roman,-3|-2,,,,0.5,0.5,,,,,,,,,,No,Prose,,Irregular,Public,State decrees,,,14,,,,"Apollo,",,,"Apolloniates,",City,Greek,,,No,No,"Kotys, child of Taroulas, partner of, grandchild of,",1,1,Thracian only,,
9445,"Ctibor, Jan * Kobierska, Marketa *",Yes,IG Bulg 1(2),"479 ter, 5156",20479.3,,Unknown,,,6110,POINT(27.8530884 43.0749069),4 Uncertain,"Origin unknown, now in the museum in Odessa (now Ukraine)",No,N/A,No,Stone,Marble,,Stele,9 Undeterminable,1 Relief,1 Architectural / Ornamental|2 Figural,Floral motive,Other > notes,"Man lying on a lounge, holding a crown with his right hand, and woman sitting on a chair; in both angels staying boys",No,-300,-201,Not Roman,-3,,,,1,,,,,,,,,,,No,Prose,,Irregular,Private,,Funerary,,2,,,,,,,,None,,,,No,No,"Naeis, child of Dionysios, partner of Zoulemes, grandchild of, Zoulemes, child of Dionysios, partner of Naeis, grandchild of,",2,4,Greek and Thracian,,
11739,"Kobierska, Marketa *",Yes,IG Bulg 5,5085,75085,,Obzor,Naulochos - Templum Iovis,Naulochos - Templum Iovis,6125,POINT(27.879374 42.8179596),4 Uncertain,"Presumably from Naulochus, presently in Ermitage of St. Peterburg",No,N/A,No,Stone,Marble,,Stele,9 Undeterminable,1 Relief,,,,,No,-300,-201,Not Roman,-3,,,,1,,,,,,,,,,,No,Prose,,Irregular,Private,,Funerary,,3,,,,,,,,None,,,,No,No,"Mikka, child of Eraton, partner of Keton, grandchild of Simichos, Keton, child of Theotimos, partner of Mikka, grandchild of, Eraton, child of Keton, partner of, grandchild of, Keton, child of Keton, partner of, grandchild of, Theainetos, child of Keton, partner of, grandchild of,",5,5,Greek only,,
11827,"Kobierska, Marketa *",Yes,IG Bulg 5,5153,75153,,Sozopol,Apollonia,Apollonia,8044,POINT(27.6955032 42.41636),3 Region,Inbuilt in a wall,Yes,Secondary,No,Stone,Marble,,Stele,9 Undeterminable,1 Relief,,,,anchor,No,-300,-201,Not Roman,-3,,,,1,,,,,,,,,,,No,Prose,,Irregular,Private,,Funerary,,5,,,,,,,,None,,,,No,No,"[Aut?]olykeious, child of, partner of, grandchild of, Apollas, child of, partner of, grandchild of, [?]pilykos, child of, partner of, grandchild of,",3,3,Greek and Uncertain,,
11898,"Ctibor, Jan *",Yes,Perinthos-Herakleia,2,80002,,Marmara Ereglisi,Perinthos (Herakleia),Perinthos (Herakleia),11896,POINT(27.962265 40.9664189),2 Vicinity,,No,N/A,No,Stone,Marble,,Stele,3 Heavily damaged,4 N/A,,,,Two fragments,Yes,-300,-200,Not Roman,-3,,,,1,,,,,,,,,,,No,Prose,,Irregular,Public,Honorary decrees,,,11,"Boule, Demos, Polis,","Edoxen,","Filotimos, Timein,",,,,,None,,,,No,No,"Poseidonios, child of Dioskourides, partner of, grandchild of, Athenaios, child of, partner of, grandchild of,",2,2,Greek only,,
12071,"Ctibor, Jan *",Yes,Perinthos-Herakleia,42,80042,,Marmara Ereglisi,Perinthos (Herakleia),Perinthos (Herakleia),11896,POINT(27.962265 40.9674559),2 Vicinity,,No,N/A,No,N/A,,,N/A,9 Undeterminable,4 N/A,,,,Golden amulet,No,-300,-100,Not Roman,-3|-2,,,,0.5,0.5,,,,,,,,,,No,Prose,,Irregular,Private,,Dedicatory,,5,,,,"Isis, Aphrodite, hiereus,",,,,None,,,,No,No,"Artemidoros, child of Heraiiskos, partner of, grandchild of,",1,1,Greek only,,
12103,"Ctibor, Jan *",Yes,Perinthos-Herakleia,47,80047,,Marmara Ereglisi,Perinthos (Herakleia),Perinthos (Herakleia),11896,POINT(27.9602051 40.9671966),2 Vicinity,,No,N/A,No,Stone,Marble,,Architectural feature,9 Undeterminable,4 N/A,,,,,No,-300,-100,Not Roman,-3|-2,,,,0.5,0.5,,,,,,,,,,No,Prose,,Irregular,Private,,Funerary,,4,,"Doron,",,"theos,","Hypsistos,",Regional,,None,,,,No,No,"Sabeina, child of, partner of, grandchild of,",1,1,Roman only,,
12146,"Ctibor, Jan *",Yes,Perinthos-Herakleia,62,80062,,Marmara Ereglisi,Perinthos (Herakleia),Perinthos (Herakleia),11896,POINT(27.9604626 40.9673263),2 Vicinity,,No,N/A,No,Stone,Marble,,Stele,9 Undeterminable,4 N/A,,,,,No,-300,-100,Not Roman,-3|-2,,,,0.5,0.5,,,,,,,,,,No,Prose,,Irregular,Public,Accounts/Lists,,,15,,,,,,,,None,,,,No,No,"Tlepolemos, child of Eukleides, partner of, grandchild of, Theodoros, child of Theopompos, partner of, grandchild of, Olympiodoros, child of Metrodoros, partner of, grandchild of, Nikomachos, child of Straton, partner of, Byzantios, grandchild of, Thrasyboulos, child of Dionysios, partner of, grandchild of, Sostratos, child of Menofanes, partner of, grandchild of,",6,6,Greek only,,
13586,"Kobierska, Marketa * Janouchova, Petra *",Yes,IG Bulg 5,5638 bis,75638.2,,Kabile,Kabyle,Augusta Traiana,8341,POINT(26.4839172 42.5502982),1 Certain,,No,N/A,No,Pottery,,,Vessel,4 Almost destroyed,1 Relief,2 Figural,,Horse rider,,Yes,-299,100,Not Roman,-3|-2,,,,0.5,0.5,,,,,,,,,,No,Prose,Graffiti,Irregular,Private,,Ownership,,2,,,,,,,,None,,,,No,No,"Sadalas, child of Teres, partner of, grandchild of,",1,1,Thracian only,,
14042,"Janouchova, Petra *",Yes,IK Sestos,39,90039,58:702,Bolayir,Lysimacheia,Lysimacheia,14003,POINT(26.7575026 40.5148758),3 Region,"now in Istanbul Museum, found near Bolayır. Mentioned by M.H. Sayar, AST 25.2 (2008) 270 (ph.) 1:",No,N/A,No,Stone,Marble,,Other,9 Undeterminable,4 N/A,,,,,No,-202,-198,Not Roman,-3|-2,,,,0.5,0.5,,,,,,,,,,No,Prose,,Irregular,Private,,Dedicatory,,2,"Basileus,",,,,,,,None,,,,No,No,"Filippos, child of, partner of, grandchild of,",1,1,Greek only,,
14365,"Janouchova, Petra *",Yes,IK Byzantion,58,95058,,Istanbul,Byzantion,Byzantion,14192,POINT(28.9665699 41.0095036),1 Certain,Beyazit,No,N/A,No,Stone,Marble,,Stele,9 Undeterminable,1 Relief,1 Architectural / Ornamental,Floral motive,,Akroterion,No,-320,-280,Not Roman,-3|-2,,,,0.5,0.5,,,,,,,,,,No,Prose,,Irregular,Private,,Funerary,,2,,,,,,,,None,,,,No,No,"Thrason, child of Kefalion, partner of, grandchild of,",1,1,Greek only,,
14372,"Janouchova, Petra *",Yes,IK Byzantion,60,95060,,Istanbul,Byzantion,Byzantion,14192,POINT(28.956871 41.014102),1 Certain,Laleli,No,N/A,No,Stone,Marble,,Stele,9 Undeterminable,4 N/A,,,,,No,-299,-200,Not Roman,-3,,,,1,,,,,,,,,,,No,Prose,,Irregular,Private,,Funerary,,2,,,,,,,,None,,,,No,No,"Kleo, child of Dionysios, partner of, grandchild of,",1,1,Greek only,,
14374,"Janouchova, Petra *",Yes,IK Byzantion,61,95061,,Istanbul,Byzantion,Byzantion,14192,POINT(28.9636517 41.0153973),1 Certain,Suleymaniye,No,N/A,No,Stone,Marble,,Stele,9 Undeterminable,4 N/A,,,,,No,-299,-200,Not Roman,-3,,,,1,,,,,,,,,,,No,Prose,,Irregular,Private,,Funerary,,2,,,,,,,,None,,,,No,No,"Matro, child of Simos, partner of, grandchild of,",1,1,Greek only,,
14376,"Janouchova, Petra *",Yes,IK Byzantion,62,95062,,Istanbul,Byzantion,Byzantion,14192,POINT(28.9666557 41.0095684),1 Certain,Beyazit,No,N/A,No,Stone,Marble,,Stele,9 Undeterminable,1 Relief,,Floral motive,,Akroterion,No,-299,-200,Not Roman,-3,,,,1,,,,,,,,,,,No,Prose,,Irregular,Private,,Funerary,,2,,,,,,,,None,,,,No,No,"Eupalinos, child of Dion, partner of, grandchild of,",1,1,Greek only,,
14379,"Janouchova, Petra *",Yes,IK Byzantion,63,95063,,Istanbul,Byzantion,Byzantion,14192,POINT(28.9735222 41.0100866),2 Vicinity,"Araste Sokak, stray find",No,N/A,No,Stone,,,Stele,9 Undeterminable,4 N/A,,,,,No,-299,-200,Not Roman,-3,,,,1,,,,,,,,,,,No,Prose,,Irregular,Private,,Funerary,,2,,,,,,,,None,,,,No,No,"Nikandros, child of Nymfaratos, partner of, grandchild of,",1,1,Greek only,,
14382,"Janouchova, Petra *",Yes,IK Byzantion,64,95064,,Istanbul,Byzantion,Byzantion,14192,POINT(28.9684582 41.0087912),1 Certain,Çemberlitaş,No,N/A,No,Stone,,,Stele,9 Undeterminable,1 Relief,1 Architectural / Ornamental,Floral motive,,Akroterion,No,-299,-200,Not Roman,-3,,,,1,,,,,,,,,,,No,Prose,,Irregular,Private,,Funerary,,2,,,,,,,,None,,,,No,No,"Amfiklea, child of Filiskos, partner of, grandchild of,",1,1,Greek only,,
14385,"Janouchova, Petra *",Yes,IK Byzantion,65,95065,,Istanbul,Byzantion,Byzantion,14192,POINT(28.9658833 41.009698),1 Certain,Beyazit,No,N/A,No,Stone,,,Stele,9 Undeterminable,1 Relief,1 Architectural / Ornamental,Floral motive,,Akroterion,No,-299,-200,Not Roman,-3,,,,1,,,,,,,,,,,No,Prose,,Irregular,Private,,Funerary,,2,,,,,,,,None,,,,No,No,"Matro, child of Eufanes, partner of, grandchild of,",1,1,Greek only,,
14389,"Janouchova, Petra *",Yes,IK Byzantion,67,95067,,Istanbul,Byzantion,Byzantion,14192,POINT(28.9633083 41.0098275),1 Certain,Beyazit,No,N/A,No,Stone,Marble,,Stele,9 Undeterminable,1 Relief,1 Architectural / Ornamental,Floral motive,,Akroterion,No,-230,-200,Not Roman,-3,,,,1,,,,,,,,,,Doric,No,Prose,,Irregular,Private,,Funerary,,2,,,,,,,,None,,,,No,No,"Theufanes, child of Herakon, partner of, grandchild of,",1,1,Greek only,,
14392,"Janouchova, Petra *",Yes,IK Byzantion,68,95068,,Istanbul,Byzantion,Byzantion,14192,POINT(28.9456272 41.0162392),2 Vicinity,Fatih,No,N/A,No,Stone,Marble,,Stele,9 Undeterminable,1 Relief,1 Architectural / Ornamental,Floral motive,,Akroterion,No,-220,-200,Not Roman,-3,,,,1,,,,,,,,,,Doric,No,Prose,,Irregular,Private,,Funerary,,2,,,,,,,,None,,,,No,No,"Matris, child of Archias, partner of, grandchild of,",1,1,Greek only,,
14394,"Janouchova, Petra *",Yes,IK Byzantion,69,95069,,Istanbul,Byzantion,Byzantion,14192,POINT(28.9667416 41.0098275),1 Certain,Beyazit,No,N/A,No,Stone,Marble,,Stele,9 Undeterminable,1 Relief,1 Architectural / Ornamental,Floral motive,,Akroterion,No,-220,-180,Not Roman,-3|-2,,,,0.5,0.5,,,,,,,,,,No,Prose,,Irregular,Private,,Funerary,,2,,,,,,,,None,,,,No,No,"Choirina, child of Olympos, partner of, grandchild of,",1,1,Greek only,,
14396,"Janouchova, Petra *",Yes,IK Byzantion,70,95070,,Istanbul,Byzantion,Byzantion,14192,POINT(28.9682865 41.0094389),1 Certain,Beyazit,No,N/A,No,Stone,Marble,,Stele,9 Undeterminable,1 Relief,1 Architectural / Ornamental,Floral motive,,Akroterion,No,-220,-180,Not Roman,-3|-2,,,,0.5,0.5,,,,,,,,,Doric,No,Prose,,Irregular,Private,,Funerary,,2,,,,,,,,None,,,,No,No,"Monimos, child of Matrodoros, partner of, grandchild of,",1,1,Greek only,,
14398,"Janouchova, Petra *",Yes,IK Byzantion,71,95071,,Istanbul,Byzantion,Byzantion,14192,POINT(28.9698315 41.0105399),1 Certain,Beyazit,No,N/A,No,Stone,Marble,,Stele,9 Undeterminable,1 Relief,1 Architectural / Ornamental,Floral motive,,Akroterion,No,-220,-180,Not Roman,-3|-2,,,,0.5,0.5,,,,,,,,,,No,Prose,,Irregular,Private,,Funerary,,2,,,,,,,,None,,,,No,No,"Syros, child of Hermogenes, partner of, grandchild of, Eutaxia, child of Syros, partner of, grandchild of,",2,2,Greek only,,
14467,"Janouchova, Petra *",Yes,IK Byzantion,94,95094,,Istanbul,Byzantion,Byzantion,14192,POINT(28.9621067 41.0222617),2 Vicinity,Unkapani,No,N/A,No,Stone,Marble,,Stele,9 Undeterminable,1 Relief,2 Figural,,,,No,-220,-180,Not Roman,-3|-2,,,,0.5,0.5,,,,,,,,,,No,Prose,,Irregular,Private,,Funerary,,2,,"Chaire,",,,,,,None,,,,No,No,"Zopyros, child of Apollodoros, partner of, grandchild of,",1,1,Greek only,,
14609,"Janouchova, Petra *",Yes,IK Byzantion,125,95125,,Istanbul,Byzantion,Byzantion,14192,POINT(28.9707756 41.0096332),2 Vicinity,Silihtaraga,No,N/A,No,Stone,Marble,,Stele,9 Undeterminable,1 Relief,2 Figural,,,,No,-299,-100,Not Roman,-3|-2,,,,0.5,0.5,,,,,,,,,Doric,No,Prose,,Irregular,Private,,Funerary,,4,,,,,,,,None,,,,No,No,"Matron, child of Apollonios, partner of, grandchild of, Apollonios, child of Apollonios, partner of, grandchild of,",2,2,Greek only,,
14630,"Janouchova, Petra *",Yes,IK Byzantion,147,95147,,Istanbul,Byzantion,Byzantion,14192,POINT(28.9633942 41.0087912),1 Certain,Beyazit,No,N/A,No,Stone,Marble,,Stele,9 Undeterminable,1 Relief,2 Figural,,,,No,-299,-100,Not Roman,-3|-2,,,,0.5,0.5,,,,,,,,,Doric,No,Prose,,Irregular,Private,,Funerary,,1,,,,,,,,None,,,,No,No,"Plathis, child of Eubios, partner of, grandchild of,",1,1,Greek only,,
14637,"Janouchova, Petra *",Yes,IK Byzantion,154,95154,,Istanbul,Byzantion,Byzantion,14192,POINT(28.9667416 41.0082083),1 Certain,Beyazit,No,N/A,No,Stone,Marble,,Stele,9 Undeterminable,1 Relief,2 Figural,,,,No,-299,-100,Not Roman,-3|-2,,,,0.5,0.5,,,,,,,,,,No,Prose,,Irregular,Private,,Funerary,,2,,,,,,,,None,,,,No,No,"Bospon, child of Apollonios, partner of, grandchild of,",1,1,Greek only,,
14646,"Janouchova, Petra *",Yes,IK Byzantion,163,95163,,Istanbul,Byzantion,Byzantion,14192,POINT(28.9506054 41.0183763),2 Vicinity,Fatih,No,N/A,No,Stone,Marble,,Stele,9 Undeterminable,1 Relief,2 Figural,,,,No,-299,-200,Not Roman,-3,,,,1,,,,,,,,,,,No,Prose,,Irregular,Private,,Funerary,,2,,,,,,,,None,,,,No,No,"Parmeniska, child of Apollonios, partner of, grandchild of,",1,1,Greek only,,
14654,"Janouchova, Petra *",Yes,IK Byzantion,170,95170,,Istanbul,Byzantion,Byzantion,14192,POINT(28.9722347 41.0262764),2 Vicinity,"Galata, Beyoglu",No,N/A,No,Stone,Marble,,Stele,9 Undeterminable,1 Relief,2 Figural,,,,No,-299,-200,Not Roman,-3,,,,1,,,,,,,,,,,No,Prose,,Irregular,Private,,Funerary,,2,,,,,,,,None,,,,No,No,"Dionysios, child of Poseidippos, partner of, grandchild of,",1,1,Greek only,,
14671,"Janouchova, Petra *",Yes,IK Byzantion,186,95186,,Ãatalca,,Byzantion,14650,POINT(28.4636879 41.142855),2 Vicinity,,No,N/A,No,Stone,Marble,,Stele,9 Undeterminable,1 Relief,2 Figural,,,,No,-299,-100,Not Roman,-3|-2,,,,0.5,0.5,,,,,,,,,Doric,No,Prose,,Irregular,Private,,Funerary,,2,,,,,,,,None,,,,No,No,"Damatrios, child of Asklapiadas, partner of, grandchild of,",1,1,Greek only,,
14825,"Janouchova, Petra *",Yes,IK Byzantion,305,95305,,Istanbul,Byzantion,Byzantion,14192,POINT(28.9656258 41.0095036),1 Certain,Beyazit,No,N/A,No,Stone,Marble,,Stele,9 Undeterminable,1 Relief,2 Figural|1 Architectural / Ornamental,Other > notes,,sarcophagus,No,-230,-200,Not Roman,-3,,,,1,,,,,,,,,,,No,Verse,,Irregular,Private,,Funerary,"unmarried boy funerary epigram, earthen mound",4,"Xenos,","Tymbos,",,"tafos,",,,,None,,,,No,No,"Apollas, child of Menios, partner of, grandchild of,",1,1,Greek only,,
14846,"Janouchova, Petra *",Yes,IK Byzantion,325,95325,,Istanbul,Byzantion,Byzantion,14192,POINT(28.9651966 41.0120943),3 Region,found in the territory of modern Istanbul,No,N/A,No,Stone,Marble,,Stele,9 Undeterminable,1 Relief,2 Figural,,,,No,-299,-170,Not Roman,-3|-2,,,,0.5,0.5,,,,,,,,,,No,Prose,,Irregular,Private,,Funerary,,1,,,,,,,,None,,,,No,No,"Hermias, child of Amatokos, partner of, grandchild of,",1,2,Greek and Thracian,,
14868,"Janouchova, Petra *",Yes,IK Byzantion,347,95347,,Istanbul,Byzantion,Byzantion,14192,POINT(28.9651966 41.0094389),3 Region,"found in the territory of modern Istanbul, maybe from Kalchedon, Doric",No,N/A,No,Stone,Marble,,Stele,9 Undeterminable,1 Relief,2 Figural,,,,No,-299,-200,Not Roman,-3,,,,1,,,,,,,,,,Doric,No,Prose,,Irregular,Private,,Funerary,,1,,,,,,,,None,,,,No,No,"Menios, child of Damatrios, partner of, grandchild of,",1,1,Greek only,,
15535,"Janouchova, Petra *",Yes,Other,Kabyle 2,100001,42:642,Kabile,Kabyle,Augusta Traiana,8341,POINT(26.4841318 42.5481168),1 Certain,ancient city,No,Habitation,No,Stone,Marble,,Stele,3 Heavily damaged,1 Relief,1 Architectural / Ornamental,Geometric motive,,,Yes,-299,-200,Not Roman,-3,,,,1,,,,,,,,,,,No,Prose,,Irregular,Public,State decrees,,,10,"Basileus,",,,,,,"Galatai,",Tribe,From area of Thrace,,,No,No,,0,0,No Name,,
15887,"Janouchova, Petra *",Yes,Other,Manov 2008 123,100138,,Muletarovo - Rupite,,Vallis Strimonis medii,11361,POINT(23.2220078 41.4411822),2 Vicinity,"Manov, Metodi. 2008. Selishnijat Zhivot v Dolinata Na Sredna Struma Spored Antichnite Epigrafski Pametnitsi Ot IV/III v. Pr. Ch. - III v.sl.Ch. Sofia: BAN - NAIM.",No,N/A,No,Stone,Other >,Tufa,Stele,1 Intact,1 Relief,2 Figural,,Funerary scene/Symposion,"Marble relief stele, broken on top (late Hellenistic or early Imperial period); in a recessed panel the representation of a funerary banquet, with a reclining man (right) and a servant (left); turned 180o and re-used as a Christian epitaph;",Yes,-299,-100,Not Roman,-3|-2,,,,0.5,0.5,,,,,,,,,,No,Prose,,Irregular,Private,,Funerary,,2,,,,,,,,None,,,,No,No,"Sosipatros, child of Zoilos, partner of, grandchild of,",1,1,Greek only,,
15888,"Janouchova, Petra *",Yes,Other,Manov 2008 122,100137,,Muletarovo - Rupite,,Vallis Strimonis medii,11361,POINT(23.2194328 41.440024),2 Vicinity,"Manov, Metodi. 2008. Selishnijat Zhivot v Dolinata Na Sredna Struma Spored Antichnite Epigrafski Pametnitsi Ot IV/III v. Pr. Ch. - III v.sl.Ch. Sofia: BAN - NAIM.",No,N/A,No,Stone,Other >,"Varovik, local",Stele,2 Slightly damaged,1 Relief,,Naiskos,,"Marble naiskos stele framed by two columns with moulded capitals supporting an architrave; in the naiskos a seated woman clad in chiton and himation, holding her veil with her left hand and with her right hand holding the hand of a man reclining on a couch (...)",Yes,-299,-100,Not Roman,-3|-2,,,,0.5,0.5,,,,,,,,,,No,Prose,,Irregular,Private,,Funerary,,2,,,,,,,,None,,,,No,No,"Antigona, child of [Dei]damos, partner of, grandchild of,",1,2,Greek and Uncertain,,
15910,"Janouchova, Petra *",Yes,Other,SEG 60:743,100212,60:743,"Chervinite skali, Rupite",,,15914,POINT(23.2432079 41.4563651),2 Vicinity,"Rectangular limestone stele with akroteria found 1 km west of Kozhukh, in an ancient necropolis. Ed.pr. S.Ivanov, in Bălgarska arkheologija 2009 (Sofia 2010) 87 (in Bulgarian; ph.) 1. Cf. A.Avram, BE (2012) no. 290. We print Avram’s text: ",No,Funerary,No,Stone,Limestone,,Stele,9 Undeterminable,4 N/A,,,,"Lead sheets, broken into two pieces; Spell. On one side a palindrome 1; beneath the right half a mythological female figure with raised arms, wearing a short-sleeved costume and rising from a ship (Hekate?); on the other side a figure with animal head, hum (...)",No,-299,-200,Not Roman,-3,,,,1,,,,,,,,,,,No,Prose,,Irregular,Private,,Funerary,Macedonian names?,4,,,,,,,,None,,,,No,No,"Archenike, child of Peukestos, partner of, grandchild of, Antigona, child of Filoxenos, partner of, grandchild of,",2,2,Greek only,,
15934,"Janouchova, Petra *",Yes,Other,SEG 59:741,100224,59:741,Nesebar,Mesambria,Mesambria,6172,POINT(27.7205593 42.6601365),2 Vicinity,"Ed.pr. V.Velkov, art.cit. (see SEG 59 738) 164 no. 5 1. Cf. A.Avram, BE (2006) no. 283. Republished by N.Sharankov, art.cit. (see SEG 59 738) 48. ",No,N/A,No,Stone,Marble,,Stele,9 Undeterminable,4 N/A,,,,,No,-299,-200,Not Roman,-3,,,,1,,,,,,,,,,,No,Prose,,Irregular,Public,Honorary decrees,,"Honorific decree for Dionysios, son of Omphalion, 3rd cent. B.C.",11,"Politeia, Demos,",,,,,,,None,,,,No,No,"Dionysios, child of Omfalion, partner of, grandchild of,",1,1,Greek only,,
15935,"Janouchova, Petra *",Yes,Other,"SEG 59:740, SEG 59:738",100223,59:740,Nesebar,Mesambria,Mesambria,6172,POINT(27.7205593 42.6601365),2 Vicinity,"Ed.pr. V.Velkov, art.cit. (see SEG 59 738) 163/164 no. 4 1. Republished by N.Sharankov, art.cit. (see SEG 59 738) 47/48 (ph.). A.Avram, BE (2006) no. 283, made suggestions similar to those of S. ",No,N/A,No,Stone,Marble,,Stele,9 Undeterminable,4 N/A,1 Architectural / Ornamental,Column,,,No,-299,-200,Not Roman,-3,,,,1,,,,,,,,,,,No,Prose,,Irregular,Public,Honorary decrees,,,12,"Politeia,","Agathe tyche,","Proxenia, Proedria, Politeia, Ateleia, Eisplous and ekplous, Euergetes,",,,,"Mesambrianoi, Neopolitai,",City,Greek,,,No,No,"Perillos, child of, partner of, grandchild of, Antipatros, child of Arn[aios], partner of, grandchild of,",2,2,Greek only,Greek,
15938,"Janouchova, Petra *",Yes,Other,SEG 59:720,100220,59:720,Abdera,Abdera,Abdera,3767,POINT(24.9757004 40.9936336),2 Vicinity,"Fragment of a marble funerary column; found re-used in a grave of the late 4th/early 3rd cent. B.C. Mentioned by K.Kallintzi, AD 55 B2 (2000) [2009] 883, who reports that the word γυν[ή] can be read, and the remains of four letters above it.",No,Funerary,No,Stone,,,Architectural feature,9 Undeterminable,1 Relief,2 Figural,,Sitting woman|Funerary scene/Symposion,,No,-320,-280,Not Roman,-3|-2,,,,0.5,0.5,,,,,,,,,,No,Prose,,Irregular,Private,,Funerary,,1,,,,,,,,None,,,,No,No,,0,0,No Name,,
15958,"Janouchova, Petra *",Yes,Other,Velkov 2005 22,100234,,Nesebar,Mesambria,Mesambria,6172,POINT(27.7208233 42.6601585),2 Vicinity,"V.Velkov, in Nessèbre III: In memoriam Jeannae Čimbuleva (Burgas 2005) 159-193 (ph.)",No,N/A,No,Stone,Marble,,Stele,3 Heavily damaged,4 N/A,,,,,Yes,-299,-100,Not Roman,-3|-2,,,,0.5,0.5,,,,,,,,,,No,Prose,,Irregular,Public,Religious/Ritual,,,11,,,,"Sarapis / Serapis, theos,",,,,None,,,,No,No,,0,0,No Name,,
15966,"Janouchova, Petra *",Yes,Other,Velkov 2005 39,100239,,Nesebar,Mesambria,Mesambria,6172,POINT(27.7229691 42.6598429),2 Vicinity,"V.Velkov, in Nessèbre III: In memoriam Jeannae Čimbuleva (Burgas 2005) 159-193 (ph.)",No,Funerary,No,Stone,Marble,,Stele,3 Heavily damaged,4 N/A,,,,,Yes,-299,-200,Not Roman,-3,,,,1,,,,,,,,,,,No,Prose,,Irregular,Private,,Funerary,,3,,,,,,,"Herakleotes,",City,Greek,,,No,No,,0,0,No Name,,
15967,"Janouchova, Petra *",Yes,Other,Velkov 2005 37,100238,,Nesebar,Mesambria,Mesambria,6172,POINT(27.7197075 42.660979),2 Vicinity,"V.Velkov, in Nessèbre III: In memoriam Jeannae Čimbuleva (Burgas 2005) 159-193 (ph.)",No,Funerary,No,Stone,Marble,,Stele,3 Heavily damaged,4 N/A,,,,,Yes,-299,-200,Not Roman,-3,,,,1,,,,,,,,,,,No,Prose,,Irregular,Private,,Funerary,,1,,,,,,,,None,,,,No,No,"Polys, child of, partner of Eufamos, grandchild of,",1,1,Greek only,,
15968,"Janouchova, Petra *",Yes,Other,Velkov 2005 36,100237,,Nesebar,Mesambria,Mesambria,6172,POINT(27.7224541 42.6603479),2 Vicinity,"V.Velkov, in Nessèbre III: In memoriam Jeannae Čimbuleva (Burgas 2005) 159-193 (ph.)",No,Funerary,No,Stone,Marble,,Stele,3 Heavily damaged,4 N/A,,,,,Yes,-299,-200,Not Roman,-3,,,,1,,,,,,,,,,,No,Prose,,Irregular,Private,,Funerary,,4,,,,,,,,None,,,,No,No,"Fila, child of, partner of Dioskorides, grandchild of, Kriton, child of Dioskorides, partner of, grandchild of,",2,2,Greek only,,
15969,"Janouchova, Petra *",Yes,Other,Velkov 2005 35,100236,,Nesebar,Mesambria,Mesambria,6172,POINT(27.7229691 42.6597167),2 Vicinity,"V.Velkov, in Nessèbre III: In memoriam Jeannae Čimbuleva (Burgas 2005) 159-193 (ph.)",No,N/A,No,Stone,Marble,,Stele,3 Heavily damaged,4 N/A,,,,,Yes,-299,-200,Not Roman,-3,,,,1,,,,,,,,,,,No,Prose,,Irregular,Private,,Funerary,,2,,,,,,,,None,,,,No,No,"Herofilas, child of Alkimos, partner of, grandchild of,",1,1,Greek only,,
15981,"Janouchova, Petra *",Yes,Other,Velkov 2005 47,100242,,Nesebar,Mesambria,Mesambria,6172,POINT(27.7190208 42.6609159),2 Vicinity,"V.Velkov, in Nessèbre III: In memoriam Jeannae Čimbuleva (Burgas 2005) 159-193 (ph.)",No,N/A,No,Stone,Marble,,Stele,9 Undeterminable,4 N/A,,,,,No,-299,-200,Not Roman,-3,,,,1,,,,,,,,,,,No,Prose,,Irregular,Private,,Funerary,,2,,,,,,,,None,,,,No,No,"Nemenios, child of Damatrios, partner of, grandchild of,",1,1,Greek only,,
16014,"Janouchova, Petra *",Yes,Other,SEG 59:759,100265,59:759,Sinemorets,,,16015,POINT(27.9757386 42.0604321),2 Vicinity,"found in the tumulus of a female (probably belonging to an inhabitant of a nearby fortified house) near the Veleka river in 2006. Ed.pr. M.Manov, Archaeologia Bulgarica 13 (2009/2) 27-30. For the object, see D.Agre, ibid. 21-26 (ph.). Cf. A.Avram, BE (2010) no. 429:",No,Funerary,Yes,Metal,,Gold,Other,9 Undeterminable,4 N/A,,Base,,,Yes,-230,-170,Not Roman,-3|-2,,,,0.5,0.5,,,,,,,,,,No,Prose,,Irregular,Private,,Other > notes,Artisan ,4,,"Epoiesen,",,,,,,None,,,,No,No,"Demetrios, child of, partner of, grandchild of, Kortozous, child of, partner of, grandchild of,",2,2,Greek and Thracian,,
16065,"Janouchova, Petra *",Yes,Other,SEG 58:691,100276,58:691,Istanbul,Byzantion,Byzantion,14192,POINT(28.974202 41.003315),2 Vicinity,"Eight stelae found during excavations in the Küçük Ayasofia Street, Eminönü in Istanbul, not far from the Hippodrome. Edd.pr. F.Demirkök, T.Drew-Bear, Anatolia Antiqua 16 (2008) 224-228 nos. 1-8 (ph.; translation).",No,N/A,No,Stone,,,Stele,9 Undeterminable,4 N/A,,,,"Pedimental stele with akroteria; the figures in the relief, in a recessed panel below the inscription, are effaced.",No,-299,-200,Not Roman,-3,,,,1,,,,,,,,,,,No,Prose,,Irregular,Private,,Funerary,,2,,,,,,,,None,,,,No,No,"Praxippos, child of Hieronymos, partner of, grandchild of,",1,1,Greek only,,
16067,"Janouchova, Petra *",Yes,Other,SEG 58:690,100275,58:690,Istanbul,Byzantion,Byzantion,14192,POINT(28.974202 41.003315),2 Vicinity,"Eight stelae found during excavations in the Küçük Ayasofia Street, Eminönü in Istanbul, not far from the Hippodrome. Edd.pr. F.Demirkök, T.Drew-Bear, Anatolia Antiqua 16 (2008) 224-228 nos. 1-8 (ph.; translation).",No,N/A,No,Stone,,,Stele,9 Undeterminable,4 N/A,,,,Marble pedimental stele with akroteria; epitaph below the pediment; the epigram (only the left part preserved) on the lower left part of the stele in much smaller letters.,No,-299,-200,Not Roman,-3,,,,1,,,,,,,,,,,No,Prose,,Irregular,Private,,Funerary,,2,,,,,,,,None,,,,No,No,"Xenotimos, child of Herotimos, partner of, grandchild of,",1,1,Greek only,,
16068,"Janouchova, Petra *",Yes,Other,SEG 58:689,100274,58:689,Istanbul,Byzantion,Byzantion,14192,POINT(28.974202 41.003315),2 Vicinity,"Eight stelae found during excavations in the Küçük Ayasofia Street, Eminönü in Istanbul, not far from the Hippodrome. Edd.pr. F.Demirkök, T.Drew-Bear, Anatolia Antiqua 16 (2008) 224-228 nos. 1-8 (ph.; translation).",No,N/A,No,Stone,,,Stele,9 Undeterminable,4 N/A,,,,Marble pedimental stele with akroteria:,No,-299,-200,Not Roman,-3,,,,1,,,,,,,,,,,No,Prose,,Irregular,Private,,Funerary,,2,,"Chaire,",,,,,,None,,,,No,No,"Kerdon, child of, partner of, grandchild of, Chreste, child of, partner of, grandchild of,",2,2,Greek only,,
16069,"Janouchova, Petra *",Yes,Other,SEG 58:688,100273,58:688,Istanbul,Byzantion,Byzantion,14192,POINT(28.974202 41.003315),2 Vicinity,"Eight stelae found during excavations in the Küçük Ayasofia Street, Eminönü in Istanbul, not far from the Hippodrome. Edd.pr. F.Demirkök, T.Drew-Bear, Anatolia Antiqua 16 (2008) 224-228 nos. 1-8 (ph.; translation).",No,N/A,No,Stone,,,Stele,9 Undeterminable,4 N/A,,,,"Marble pedimental stele broken on all sides except at right; in the pediment the remains of a round boss; below the inscription in a slightly recessed field a kantharos: The kantharos represents the urn which contained the ashes of the deceased, edd.pr.",No,-299,-100,Not Roman,-3|-2,,,,0.5,0.5,,,,,,,,,,No,Prose,,Irregular,Private,,Funerary,,2,,,,,,,,None,,,,No,No,"Heragoras, child of Bospon, partner of, grandchild of,",1,1,Greek only,,
16071,"Janouchova, Petra *",Yes,Other,SEG 58:686,100271,58:686,Istanbul,Byzantion,Byzantion,14192,POINT(28.974202 41.003315),1 Certain,"Eight stelae found during excavations in the Küçük Ayasofia Street, Eminönü in Istanbul, not far from the Hippodrome. Edd.pr. F.Demirkök, T.Drew-Bear, Anatolia Antiqua 16 (2008) 224-228 nos. 1-8 (ph.; translation).",No,N/A,No,Stone,Marble,,Stele,9 Undeterminable,4 N/A,,Base,,Limestone base moulded above,No,-299,-100,Not Roman,-3|-2,,,,0.5,0.5,,,,,,,,,,No,Prose,,Irregular,Private,,Funerary,,3,,,,,,,"Rodios/Rhodios,",City,Greek,,,No,No,"Astragalos, child of Diodoros, partner of, Rodios/Rhodios, grandchild of,",1,1,Greek only,Greek,
16072,"Janouchova, Petra *",Yes,Other,SEG 58:685,100270,58:685,Istanbul,Byzantion,Byzantion,14192,POINT(28.974202 41.003315),1 Certain,"Eight stelae found during excavations in the Küçük Ayasofia Street, Eminönü in Istanbul, not far from the Hippodrome. Edd.pr. F.Demirkök, T.Drew-Bear, Anatolia Antiqua 16 (2008) 224-228 nos. 1-8 (ph.; translation). ",No,N/A,No,Stone,,,Stele,9 Undeterminable,2 Painted,,,,,No,-299,-200,Not Roman,-3,,,,1,,,,,,,,,,,No,Prose,,Irregular,Private,,Funerary,,2,,,,,,,,None,,,,No,No,"Athanaion, child of Apollonios, partner of, grandchild of,",1,1,Greek only,,
16090,"Janouchova, Petra *",Yes,Other,SEG 58:703,100280,58:703,Kazanlak,,Augusta Traiana,8298,POINT(25.3929576 42.6194408),1 Certain,"K.Bošnakov, Buditel 2/2 (2008) 5-9 (in Bulgarian), reports that he has been able to read two hitherto unnoticed painted inscriptions on the frescoes decorating the royal grave at Kazanlăk. The first dipinto (A) names the occupant of the grave, Rhoigos, son of Seuthes III, an enemy of Lysimachos. The second dipinto (B) is a signature of the painter Kozimases. The painter Kozimases is also known from a graffito in Alexandrovo (SEG 54 628; 56 816; see SEG 58 674, where χρηστός refers to his painting skills and should not be understood as a funerary attribute. Cf. A.Avram, BE (2009) no. 333.",No,Funerary,Yes,Other,,,Wall,9 Undeterminable,2 Painted,,,,Lower part of a marble plaque with relief representation of the Thracian Rider; inscription below the relief; traces of red paint;,No,-299,-200,Not Roman,-3,,,,1,,,,,,,,,,,No,Prose,Graffiti,Irregular,Private,,Other > notes,Dipinti in a grave (label and painter’s signature),3,,,,,,,,None,,,,No,No,"Roigos, child of Seuthes, partner of, grandchild of, Kozimases, child of, partner of, grandchild of,",2,2,Thracian only,,
16273,"Janouchova, Petra *",Yes,Other,"Mitrev 2011, 19, no.3",100350,,Muletarovo - Rupite,,Vallis Strimonis medii,11361,POINT(23.2407847 41.4415125),2 Vicinity,"Mitrev, Georgi. 2011. “Antichni Nadgrobni Pametnitsi Ot Petrichkiya Raion.” In Prouchvaniya v Dolinata Na Strumeshnitsa, edited by Georgi Mitrev and S. Ivanov, 1:18–60. Petrich: BON.",No,N/A,No,Stone,,,Stele,2 Slightly damaged,4 N/A,1 Architectural / Ornamental,,,,Yes,-250,-150,Not Roman,-3|-2,,,,0.5,0.5,,,,,,,,,,No,Prose,,Irregular,Private,,Funerary,,3,,,,,,,,None,,,,No,No,"Niko, child of, partner of Asklepiodoros, grandchild of,",1,1,Greek only,,
16463,"Janouchova, Petra *",Yes,Other,SEG 54:631,100355,54:631,Sozopol,Apollonia,Apollonia,8044,POINT(27.6949239 42.4231556),2 Vicinity,"Statue base found in a sanctuary of Hekate on the Skamniy peninsula. Mentioned by D.Nedev, art.cit. (cf. SEG 54 629) 121 (text). Cf. M.Oppermann, op.cit. (cf. SEG 54 657) 323 note 2655:",No,Religious/Ritual,No,Stone,,,Sculpture,9 Undeterminable,4 N/A,,,,,No,-299,-100,Not Roman,-3|-2,,,,0.5,0.5,,,,,,,,,,No,Prose,,Irregular,Private,,Dedicatory,,1,,,,"Hecate,",,,,None,,,,No,No,"Artemidoros, child of, partner of, grandchild of,",1,1,Greek only,,
16493,"Janouchova, Petra *",Yes,Other,SEG 52:568,100369,52:568,Ahtopol,Agathopolis,Agathopolis,9371,POINT(27.9407145 42.0993861),2 Vicinity,"Agathopolis (Ahtopol). Honorary decree of Apollonia Pontica (?) for a man (Aiantides?) from Odessos, ca. 300-250 B.C. Fragment of a marble stele. V.Velkov, Thracia Pontica 5 (1994) 105-112; non vidimus. Republished by A.Avram in Jubilaeus V 17-19. The similarity of a decree of Apollonia ( SEG 52 661) with this decree and with the text in SEG 52 659 leads A. to the conclusion that all these decrees were passed by Apollonia Pontica (20); A. dates the text to ca. 300-250 B.C. (4th cent. B.C., V.). There is no evidence that the fortress at Agathopolis had the status of a polis (21/22).",No,N/A,No,Stone,Marble,,Stele,4 Almost destroyed,4 N/A,,,,,No,-300,-250,Not Roman,-3,,,,1,,,,,,,,,,,No,Prose,,Irregular,Public,Honorary decrees,,,18,"Ekklesia, Demos, Polis, Presbys,",,,,,,"Odessitai,",City,Greek,"Odessos,",1,No,No,,0,0,No Name,,
